"County","PriceAverage","Ns"
"1793Norfolk, Massachusetts",211.976614970574,4
"Abbeville, South Carolina",255.890729334601,2
"Acadia, Louisiana",193.976980289357,6
"Accomack, Virginia",250,1
"Ada, Idaho",254.591206529481,66
"Adair, Missouri",210,2
"Adams, Colorado",208.803307909376,70
"Adams, Illinois",197.651341787155,7
"Adams, Indiana",186.863438272163,1
"Adams, Iowa",100,1
"Adams, Mississippi",144.302108163842,2
"Adams, Nebraska",353.333333333333,3
"Adams, Pennsylvania",274.434957204865,4
"Adams, Washington",269.830325350518,5
"Adams  Weld, Colorado",143.5,2
"Adams, Wisconsin",200,1
"Addison, Vermont",329.032070644844,8
"Aiken, South Carolina",280.127943016952,14
"Alachua, Florida",308.078203353066,54
"Alamance, North Carolina",290.254353655964,18
"Alameda, California",224.470611228649,1264
"Alamosa, Colorado",108.570223887005,1
"Alamos, New Mexico",282.015026497637,5
"Albany, New York",317.296234773209,114
"Albany, Wyoming",322.866200626931,6
"Alcorn, Mississippi",237.674060505152,2
"Alger, Michigan",120.832660349406,1
"Allamakee, Iowa",250,1
"Allegan, Michigan",233.582781486513,10
"Allegany, Maryland",315.281499971279,6
"Allegany, New York",338.790183943762,6
"Allegheny, Pennsylvania",304.874382541837,240
"Allen, Indiana",279.267382351901,44
"Allen, Kansas",696.176390696492,1
"Allen, Ohio",276.956885333732,13
"Alpena, Michigan",177.113702594657,2
"Amador, California",179.94543542619,25
"Amelia, Virginia",267.003636571204,2
"Ana, New Mexico",262.182643500847,17
"Anderson, Kentucky",246.250768756794,2
"Anderson, South Carolina",280.04114576945,37
"Anderson, Tennessee",238.022384042068,7
"Andrews, Texas",294.242406678576,2
"Androscoggin, Maine",255.966589304899,25
"Angeles, California",262.361647142932,2916
"Anne Arundel Howard, Maryland",275.023928386794,2
"Anne Arundel, Maryland",357.185886658473,29
"Anne, Maryland",351.885115157074,31
"Anne's, Maryland",361.562068711588,2
"Anne, Virginia",306.369146320006,66
"Anoka, Minnesota",281.680919988864,26
"Antrim, Michigan",268.054433915677,3
"Apache, Arizona",182.155301954784,6
"Appanoose, Iowa",138.637282734878,1
"Aransas, Texas",266.601009486629,23
"Arapahoe Adams Douglas, Colorado",210.723993436122,68
"Arapahoe, Colorado",212.158458524788,115
"Arapahoe  Jefferson Douglas, Colorado",214.611053414643,36
"Archer, Texas",400,1
"Arenac, Michigan",120,1
"Arkansas, Arkansas",334.743600005039,5
"Armstrong, Pennsylvania",362.348926058312,3
"Aroostook, Maine",205.796834772853,1
"Arriba, New Mexico",209,1
"Arundel, Maryland",351.885115157074,31
"Ascension, Louisiana",308.356363691727,6
"Ashe, North Carolina",420,1
"Ashland, Ohio",233.256214164051,9
"Ashland, Wisconsin",300,1
"Ashley, Arkansas",171.133912632372,1
"Ashtabula, Ohio",277.277939647759,4
"Assumption, Louisiana",79.6684480211351,1
"Atchison, Kansas",287.5,2
"Athens, Ohio",326.84978211755,30
"Atkinson, Georgia",120,1
"Atlantic, New Jersey",284.00357140794,48
"Audrain, Missouri",121.952168755443,2
"Auglaize, Ohio",80,1
"Austin, Texas",300,1
"Autauga, Alabama",205.844947285097,4
"Avery, North Carolina",103.294814582008,1
"Avoyelles, Louisiana",375,2
"Baker, Georgia",101.254632855708,1
"Baker, Oregon",212.687893806042,6
"Baldwin, Alabama",323.915570307683,11
"Baldwin, Georgia",293.431793173685,7
"Baltimore, Maryland",324.526318356474,48
"Bamberg, South Carolina",320.165629956771,3
"Bandera, Texas",124.696233929584,1
"Bannock, Idaho",253.227006614447,19
"Baptist, Louisiana",267.417112005284,4
"Baraga, Michigan",416.387498055439,3
"Barbara, California",263.410224890317,253
"Barbour, Alabama",350,1
"Barnes, North Dakota",323.979806293957,2
"Barnstable, Massachusetts",286.651000995019,32
"Barnwell, South Carolina",340,1
"Barren, Kentucky",180.421595227906,4
"Barron, Wisconsin",319.573323326236,6
"Barrow, Georgia",304.285714285714,7
"Barry, Michigan",180.08299684137,3
"Barry, Missouri",271.004819456539,1
"Bartholomew, Indiana",237.549192901374,12
"Barton, Kansas",97.6640185593204,14
"Bartow, Georgia",260.729128056843,13
"Bastrop, Texas",280.566526341565,2
"Bates, Missouri",255.986888981018,3
"Baton, Louisiana",304.010894069752,94
"Baxter, Arkansas",317.82012346012,2
"Bayfield, Wisconsin",600,1
"Bay, Michigan",263.810973290301,43
"Beach, Florida",268.317998207409,155
"Beadle, South Dakota",480,1
"Beaufort, North Carolina",400,1
"Beaufort, South Carolina",366.561624309317,10
"Beaverhead, Montana",304.984715288107,1
"Beaver, Pennsylvania",303.734257413853,18
"Beaver, Utah",250,1
"Becker, Minnesota",416.930768286921,2
"Bedford, Pennsylvania",350,1
"Bedford, Virginia",343.187585609471,3
"Belknap, New Hampshire",268.473115501592,4
"Bell, Texas",265.052504626211,38
"Belmont, Ohio",283.645619824249,8
"Beltrami, Minnesota",226.204757314401,8
"Bend, Texas",180.546504204997,11
"Benewah, Idaho",244.106639432719,1
"Ben, Georgia",400,1
"Ben Hill, Georgia",400,1
"Benito, California",132.997551340653,39
"Bennett, South Dakota",159.183354914568,1
"Bennington, Vermont",296.108401316927,7
"Bent, Colorado",300,1
"Benton, Arkansas",300.984339027295,24
"Benton, Iowa",103.977962051158,1
"Benton, Minnesota",279.83652137079,22
"Benton, Missouri",94.8516868097886,1
"Benton, Oregon",200.127610765959,49
"Benton, Tennessee",215.840056809816,3
"Benton, Washington",219.107023239237,37
"Bergen, New Jersey",332.802818136864,119
"Berkeley, South Carolina",288.65331534846,96
"Berkeley, West Virginia",328.263611025061,18
"Berkshire, Massachusetts",389.181757503383,12
"Berks, Pennsylvania",313.576244328713,11
"Bernalillo, New Mexico",264.068318873837,124
"Bernardino, California",238.624877461656,573
"Bernard, Louisiana",170.617224320452,2
"Berrien, Georgia",144.649475508155,1
"Berrien, Michigan",303.018584968115,5
"Bertie, North Carolina",325,1
"Bexar, Texas",274.382961704845,202
"Bibb, Alabama",100,1
"Bibb, Georgia",218.421957615199,22
"Bienville, Louisiana",332.90111530757,3
"Black Hawk, Iowa",313.442138426031,18
"Black, Iowa",313.442138426031,18
"Bladen, North Carolina",550.905677770709,1
"Blaine, Idaho",318.75,4
"Blair, Pennsylvania",302.739448230784,20
"Bleckley, Georgia",240,1
"Blount, Alabama",262.786901279363,5
"Blount, Tennessee",342.293636830883,10
"Blue Earth, Minnesota",312.736285783745,11
"Blue, Minnesota",312.736285783745,11
"Bluff, Nebraska",250,1
"Bolivar, Mississippi",350,2
"Bon Homme, South Dakota",424.488946438847,1
"Bonner, Idaho",200,2
"Bonneville, Idaho",256.678232980462,8
"Bon, South Dakota",424.488946438847,1
"Boone, Illinois",209.053429396375,2
"Boone, Indiana",249.717083676517,3
"Boone, Kentucky",246.421595227906,20
"Boone, Missouri",292.00026414576,55
"Boone, West Virginia",593.176877896459,1
"Bossier, Louisiana",267.597185679657,37
"Boulder, Colorado",279.676824636158,4
"Boundary, Idaho",275,2
"Bowie, Texas",295.210510410846,5
"Bow, Montana",304.047173965643,23
"Box Butte, Nebraska",91.5058014491759,2
"Box Elder, Utah",400,1
"Box, Nebraska",91.5058014491759,2
"Box, Utah",400,1
"Boyd, Kentucky",236.856082016658,11
"Boyle, Kentucky",260.361313080463,4
"Bradford, Pennsylvania",295.762179036485,2
"Bradley, Tennessee",246.576038955303,7
"Branch, Michigan",128.541229227114,2
"Brazoria, Texas",253.859660677416,12
"Brazos, Texas",237.016872007002,37
"Bremer, Iowa",300,1
"Brevard, Florida",257.069202645138,14
"Brewster, Texas",380,1
"Bristol, Massachusetts",288.447873206685,77
"Bristol, Rhode Island",322.06022654739,16
"Bronx, New York",320.798557217465,619
"Brooke, West Virginia",208.123641421526,4
"Brookings, South Dakota",305.165889223954,6
"Brooks, Georgia",100,1
"Broome, New York",305.562000998046,26
"Broward, Florida",271.066799852384,229
"Brown, Kansas",149.726885049749,2
"Brown, Minnesota",356.960426962401,4
"Brown, Nebraska",205,2
"Brown, Ohio",228.34049108093,4
"Brown, South Dakota",226.05821024693,7
"Brown, Texas",311.740584823961,2
"Brown, Wisconsin",331.400750765083,4
"Brunswick, North Carolina",268.30016151234,3
"Brunswick, Virginia",400,1
"Bryan, Georgia",265.190705098284,3
"Bryan, Oklahoma",270.377670022067,6
"Buchanan, Missouri",245.613957706057,15
"Buchanan, Virginia",390,2
"Bucks, Pennsylvania",285.167711558656,54
"Buena, Iowa",315.531068945732,4
"Buena Vista, Iowa",315.531068945732,4
"Buffalo, Nebraska",314.678269565018,3
"Buffalo, Wisconsin",202.259159171045,1
"Bullitt, Kentucky",214.457587274415,3
"Bulloch, Georgia",297.604308272891,17
"Buncombe, North Carolina",297.434839538653,45
"Bureau, Illinois",354.854392145463,3
"Burke, North Carolina",82.6358516656063,1
"Burleigh, North Dakota",313.877786923352,10
"Burlington, New Jersey",287.60451340548,70
"Burnet, Texas",357.827056549307,3
"Burt, Nebraska",204.818564637363,3
"Butler, Alabama",306.449952077361,2
"Butler, Iowa",250,1
"Butler, Kansas",359.446252016694,7
"Butler, Missouri",257.959186528081,3
"Butler, Ohio",244.488845669211,37
"Butler, Pennsylvania",246.616192037652,9
"Butte, California",179.96622965205,406
"Butte, Nebraska",91.5058014491759,2
"Butte, South Dakota",385.713914066995,2
"Butts, Georgia",314.898434034117,4
"Cabarrus, North Carolina",287.484371724309,18
"Cabell, West Virginia",277.103734500591,18
"Cache, Utah",272.624445576729,9
"Caddo, Louisiana",267.356193883982,28
"Caddo, Oklahoma",87.266020132402,2
"Calaveras, California",274.36799863398,31
"Calcasieu, Louisiana",261.760485476815,18
"Caldwell, North Carolina",315,2
"Caldwell, Texas",306.786873034921,26
"Caledonia, Vermont",341.912862664406,3
"Calhoun, Alabama",275.425442972059,10
"Calhoun, Georgia",500,1
"Calhoun, Michigan",203.799638114026,14
"Calhoun, Mississippi",203.72062329013,1
"Callaway, Missouri",228.156425171568,11
"Calloway, Kentucky",236.326255068858,10
"Calumet, Wisconsin",315.83652114604,13
"Calvert, Maryland",260.933547560238,9
"Cambria, Pennsylvania",288.139281695518,11
"Camden, Georgia",250.558329636392,3
"Camden, Missouri",236.51998489691,5
"Camden, New Jersey",283.696340200988,89
"Camden, North Carolina",245.226419442677,8
"Cameron, Texas",339.736700096839,14
"Campbell, Kentucky",219.995919341645,11
"Campbell, Tennessee",279.105355661617,2
"Campbell, Wyoming",225.390993354171,8
"Canadian, Oklahoma",258.981439131738,104
"Candler, Georgia",173.579370609786,1
"Canyon, Idaho",230.309984680905,15
"Cape Girardeau, Missouri",331.293195855578,8
"Cape May, New Jersey",276.206989953942,17
"Cape, Missouri",331.293195855578,8
"Cape, New Jersey",276.206989953942,17
"Carbon, Pennsylvania",206.990177050872,5
"Carbon, Utah",137.551317227877,2
"Carlton, Minnesota",189.603988254415,3
"Caroline, Maryland",228.681342743901,5
"Caroline, Virginia",268.014546284815,1
"Caroll, Maryland",375,1
"Carroll, Arkansas",292.089204566927,2
"Carroll, Georgia",230.42667175941,8
"Carroll, Maryland",352.611530752669,16
"Carroll, Missouri",192.751204864135,2
"Carroll, New Hampshire",176.861227564932,5
"Carroll, Ohio",120,1
"Carteret, North Carolina",400,1
"Carter, Kentucky",273.895460303874,6
"Carter, Oklahoma",344.907961952226,5
"Carter, Tennessee",334.421751993986,21
"Carver, Minnesota",275.954522806177,10
"Cascade, Montana",318.957018414508,8
"Cass, Illinois",400,1
"Cass, Michigan",350.833333333333,6
"Cass, Minnesota",361.283280641802,1
"Cass, Missouri",265.506079160975,118
"Cass, Nebraska",512.046411593407,1
"Cass, North Dakota",338.773329517008,20
"Cass, Texas",230.808022261919,1
"Castle, Delaware",327.601942609721,99
"Catawba, North Carolina",321.205721456981,28
"Catoosa, Georgia",129.766317005436,3
"Cattaraugus, New York",219.468314096489,3
"Cavalier, North Dakota",450,1
"Cayuga, New York",405.383085710752,5
"Cecil, Maryland",276.585820852651,14
"Cedar, Iowa",121.307622393018,2
"Centre, Pennsylvania",383.826785341198,23
"Cerro Gordo, Iowa",328.106213789146,5
"Cerro, Iowa",328.106213789146,5
"Chambers, Alabama",162.899904154722,2
"Chambers, Texas",244.760305492811,13
"Champaign, Illinois",285.83228188211,19
"Champaign, Ohio",203.379739015862,6
"Chariton, Missouri",115.177048269029,1
"Charles City, Virginia",85.7646548111408,1
"Charles, Louisiana",240,1
"Charles, Maryland",326.659995300096,9
"Charles, Missouri",330.216134673473,12
"Charleston, South Carolina",293.817784206973,92
"Charles, Virginia",85.7646548111408,1
"Charlevoix, Michigan",215.693614430934,3
"Charlotte, Florida",121.865461404468,3
"Charlton, Georgia",300,1
"Chase, Nebraska",102.409282318681,1
"Chatham, Georgia",281.192752498454,43
"Chatham, North Carolina",267.180925109812,17
"Chautauqua, New York",296.06678201408,21
"Chaves, New Mexico",185.018783122046,2
"Cheatham, Tennessee",279.15265420859,2
"Cheboygan, Michigan",245,2
"Chelan, Washington",206.869755166021,14
"Chemung, New York",342.153293128866,10
"Cherokee, Georgia",322.579370609786,5
"Cherokee, Iowa",350,1
"Cherokee, Kansas",196.273772576155,2
"Cherokee, Oklahoma",275.996635329694,5
"Cherokee, South Carolina",215.445364667301,3
"Cherokee, Texas",251.834752063835,3
"Cheshire, New Hampshire",326.014392590095,10
"Chesterfield, South Carolina",176.124278342298,1
"Chesterfield, Virginia",303.567927725224,20
"Chester, Pennsylvania",308.718282907042,72
"Chester, South Carolina",392.320037272816,4
"Chester, Tennessee",142.1486201227,1
"Cheyenne, Colorado",245.712779858757,5
"Cheyenne, Nebraska",248.857019001846,1
"Chicot, Arkansas",856.795000062986,1
"Childress, Texas",410,2
"Chilton, Alabama",342.835919489966,5
"Chippewa, Michigan",270,2
"Chippewa, Wisconsin",302.323150142604,16
"Chisago, Minnesota",211.144189628034,6
"Chittenden, Vermont",330.181872219262,67
"Choctaw, Alabama",194.815464397037,3
"Chowan, North Carolina",400,2
"Christian, Illinois",309.426355200219,3
"Christian, Kentucky",281.120412373208,5
"Christian, Missouri",290.786932733529,47
"Cibola, New Mexico",400,1
"city, Missouri",297.606299345634,153
"city, Virginia",277.214453994477,29
"city), Virginia",286.091851770046,113
"City, Virginia",85.7646548111408,1
"Clackamas, Oregon",213.044936424435,378
"Claiborne, Mississippi",60,1
"Claiborne, Tennessee",350,1
"Clair, Alabama",322.933955911172,5
"Claire, Wisconsin",280.823412204536,15
"Clair, Illinois",300.489143610486,40
"Clair, Michigan",242.897695460358,20
"Clair, Missouri",253.877559584242,1
"Clallam, Washington",213.333333333333,3
"Clara, California",231.343957807022,688
"Clare, Michigan",270.832660349406,2
"Clarendon, South Carolina",156.388743380229,3
"Clarion, Pennsylvania",190.724928674774,2
"Clark, Arkansas",181.156181820472,3
"Clarke, Alabama",167.739942492833,2
"Clarke, Iowa",138.637282734878,1
"Clarke, Mississippi",100,1
"Clarke, Virginia",262.5,2
"Clark, Illinois",378.24638969092,2
"Clark, Indiana",188.540706375862,8
"Clark, Kentucky",249.306945206507,2
"Clark, Montana",243.487821661887,8
"Clark, Nevada",242.400923255889,328
"Clark, Ohio",345.601076716862,12
"Clark, Washington",197.874968021132,75
"Clark, Wisconsin",255,2
"Clatsop, Oregon",183.144576992688,4
"Clay, Alabama",200,1
"Clay, Arkansas",268.468545461417,2
"Clay, Illinois",285.348832000823,1
"Clay, Indiana",380,1
"Clay, Minnesota",369.173304378372,6
"Clay, Mississippi",264.825389556331,2
"Clay, Missouri",260.938207557652,133
"Clay, North Carolina",290,1
"Clayton, Georgia",248.187281461731,12
"Clear, Colorado",320,1
"Clear Creek, Colorado",320,1
"Clearfield, Pennsylvania",358.406730860023,5
"Clearwater, Minnesota",172.039657448477,2
"Cleburne, Arkansas",171.359000012597,1
"Clermont, Ohio",260.194071692723,12
"Cleveland, Arkansas",244.477018046246,1
"Cleveland, North Carolina",200.675357741443,4
"Cleveland, Oklahoma",281.062555637882,119
"Clinch, Georgia",200,1
"Clinton, Illinois",250.483362518028,7
"Clinton, Indiana",311.439063786938,3
"Clinton, Michigan",245.384005428192,39
"Clinton, Missouri",338.756024320674,1
"Clinton, New York",240.442335637139,10
"Clinton, Pennsylvania",316,5
"Coahoma, Mississippi",117.906874430043,2
"Cobb, Georgia",323.340420217453,52
"Cochise, Arizona",200.128614969171,5
"Coconino, Arizona",263.395652378383,31
"Coffee, Georgia",265.17292768017,8
"Coffee, Tennessee",271.611465092025,4
"Cole, Missouri",216.63563076525,9
"Coles, Illinois",250,1
"Colfax, Nebraska",292.017404347528,2
"Colfax, New Mexico",200,1
"Colleton, South Carolina",276.846192867871,2
"Collier, Florida",276.857488455837,54
"Collin & Denton, Texas",281.132970400265,38
"Collin, Texas",274.6760078629,452
", Colorado",210.86836639282,38
"Colorado, Texas",60,1
"Colquitt, Georgia",138.501872799058,4
"Columbia, Georgia",326.162368877039,4
"Columbiana, Ohio",260.386904043422,12
"Columbia, Oregon",197.22547256725,5
"Columbia, Pennsylvania",346.767247340194,13
"Columbus, North Carolina",137.726419442677,2
"Colusa, California",134.593913901586,15
"Comal, Texas",276.614168226436,206
"Comanche, Oklahoma",264.50252112145,14
"Comanche, Texas",230.808022261919,1
"Conecuh, Alabama",400,1
"Contra, California",238.826888454421,526
"Contra Costa, California",238.826888454421,526
"Conway, Arkansas",450,1
"Cooke, Texas",276.969626714303,1
"Cook, Illinois",308.26505372625,808
"Cooper, Missouri",88.0765663233752,1
"Coos, New Hampshire",201.891525867166,2
"Coos, Oregon",154.666666666667,3
"Cortland, New York",263.679845135826,5
"Coryell, Texas",474.005674922005,3
"Costa, California",238.826888454421,526
"Coweta, Georgia",222.565672238828,10
"Cowley, Kansas",108.575847558551,6
"Cowlitz, Washington",166.791328296049,17
"Craighead, Arkansas",283.123223150406,15
"Craven, North Carolina",235.468006588973,4
"Crawford, Arkansas",401.983727294486,5
"Crawford, Iowa",250,3
"Crawford, Kansas",295.579303156093,4
"Crawford, Michigan",200,1
"Crawford, Pennsylvania",322.5,2
"Creek, Colorado",320,1
"Creek, Oklahoma",236.656960074846,3
"Crenshaw, Alabama",195.479884985666,1
"Crittenden, Arkansas",270.603443184252,4
"Crockett, Tennessee",426.445860368099,1
"Croix, Wisconsin",271.984669990151,15
"Crook, Wyoming",250,1
"Cross, Arkansas",100,1
"Crosse, Wisconsin",324.406009347718,18
"Crow, Minnesota",265.257092163406,7
"Crow Wing, Minnesota",265.257092163406,7
"Cruz, Arizona",283.547691615284,3
"Cruz, California",215.285125457082,585
"Cullman, Alabama",306.289990415472,6
"Culpeper, Virginia",120,1
"Cumberland, Illinois",378.24638969092,2
"Cumberland, Maine",274.937961539137,62
"Cumberland, New Jersey",167.278720689437,21
"Cumberland, North Carolina",262.335863844163,24
"Cumberland, Pennsylvania",264.656936311965,17
"Cumberland, Tennessee",250,2
"Curry, Oregon",181.418241890833,3
"Custer, Oklahoma",341.814455629112,3
"Cuyahoga, Ohio",277.86977760133,167
"Dade, Georgia",86.7896853048928,1
"Dakota, Minnesota",266.440342775133,46
"Dale, Alabama",226.024258556629,12
"Dallam, Texas",136.87170963761,3
"Dallas, Alabama",273.987368212742,4
"Dallas, Arkansas",100,1
"Dallas[citation needed], Texas",314.898744643195,9
"Dallas[citation, Texas",314.898744643195,9
"Dallas, Iowa",294.249225019082,79
"Dallas, Texas",271.580715034022,448
"Dane, Wisconsin",273.767653323496,9
"Dare, North Carolina",333.721110936506,4
"Darke, Ohio",244.111373638068,2
"Darlington, South Carolina",242.672188003804,1
"Dauphin, Pennsylvania",280.202604130907,35
"Davidson, North Carolina",271.188661771137,22
"Davidson, Tennessee",400,1
"Davie, North Carolina",120,1
"Daviess, Illinois",174.211191163646,1
"Daviess, Indiana",289.511111494943,2
"Daviess, Kentucky",222.131714022434,5
"Davis, Louisiana",157.348202009612,3
"Davis, Utah",209.506749958547,22
"Dawes, Nebraska",384.034808695055,1
"Dawson, Georgia",154.002470856378,3
"Dawson, Nebraska",242.213341900189,3
"Dearborn, Indiana",400,1
"Decatur, Georgia",180.811844385193,1
"Decatur, Indiana",260.359765946735,2
"Decatur, Iowa",161.743496524024,1
"Decatur, Tennessee",170.57834414724,1
"Defiance, Ohio",152.569608523792,1
"DeKalb, Alabama",240.159961661889,4
"DeKalb, Georgia",292.915580515772,410
"DeKalb, Illinois",241.694769455386,8
"DeKalb, Indiana",343.342592912452,3
"DeKalb, Missouri",338.756024320674,1
"Delaware, Indiana",248.887812906384,25
"Delaware, New York",265.372487633457,5
"Delaware, Ohio",265.367394524243,172
"Delaware, Oklahoma",355,1
"Delaware, Pennsylvania",312.19652129677,68
"Del, California",151.572702690815,28
"Del Norte, California",151.572702690815,28
"Delta, Colorado",196.070223887006,4
"Delta, Michigan",209.444085519683,3
"Delta, Texas",99.7569871436675,1
"Dent, Missouri",253.877559584242,1
"Denton, Texas",276.261910280246,596
"Deschutes, Oregon",187.975798883643,41
"Des, Iowa",380,1
"Des Moines, Iowa",380,1
"DeSoto, Florida",221.567782561701,6
"DeSoto, Louisiana",79.6684480211351,1
"Desoto, Mississippi",560,1
"DeSoto, Mississippi",253.414956092439,13
"Dickenson, Virginia",150,1
"Dickinson, Iowa",330.871748262012,2
"Dickinson, Kansas",820.57583131984,2
"Dickinson, Michigan",332.499596209644,5
"Dickson, Tennessee",229.040391861922,3
"Diego, California",240.731677796353,1447
"Dillon, South Carolina",400,2
"Dimmit, Texas",374.088701788753,2
"Dodge, Georgia",188.842487800093,1
"Dodge, Nebraska",333.703901970605,5
"Dodge, Wisconsin",274.600975982967,8
"Dona Ana, New Mexico",280,3
"Doña Ana, New Mexico",258.364638536743,14
"Dona, New Mexico",280,3
"Doña, New Mexico",258.364638536743,14
"Dooly, Georgia",100,1
"Door, Wisconsin",367.5,2
"Dorado, California",206.490437319532,115
"Dorchester, Maryland",200.564595168345,3
"Dorchester, South Carolina",255.988530167855,28
"Douglas, Colorado",208.534303156505,125
"Douglas, Georgia",249.981772288285,14
"Douglas, Kansas",316.938214543784,53
"Douglas, Minnesota",352,5
"Douglas, Nebraska",290.829423858899,96
"Douglas, Oregon",197.836761545918,11
"Douglas, Washington",249.468329704781,5
"Douglas, Wisconsin",255.391651659902,5
"Drew, Arkansas",333.419309049536,3
"Dubois, Indiana",300,1
"Dubuque, Iowa",336.824150854649,10
"Duchesne, Utah",348.584285635327,3
"Dukes, Massachusetts",429.878781749377,4
"Dunn, Wisconsin",279.924774782116,4
"DuPage, Illinois",312.187751019868,702
"Duplin, North Carolina",287.575473147559,3
"Durham, North Carolina",301.835678258694,128
"Dutchess, New York",287.06365387482,45
"Duval, Florida",255.934199639054,138
"du, Wisconsin",256.078584953706,4
"Dyer, Tennessee",251.21889609816,2
"Eagle, Colorado",223.428089554802,5
"Eagle Pitkin, Colorado",217.140447774011,1
"Early, Georgia",500,1
"Earth, Minnesota",312.736285783745,11
"East Baton Rouge, Louisiana",304.010894069752,94
"East Feliciana, Louisiana",400,1
"East, Louisiana",305.021305711123,95
"Eaton, Michigan",238.292861821825,45
"Eau Claire, Wisconsin",280.823412204536,15
"Eau, Wisconsin",280.823412204536,15
"Ector, Texas",232.013532586449,11
"Eddy, New Mexico",275.966691902511,7
"Edgecombe, North Carolina",274.147689846268,11
"Edgefield, South Carolina",236.130836389331,4
"Edwards, Kansas",124.317212624374,1
"Effingham, Georgia",265.09226397867,2
"Elbert, Colorado",229.285111943503,2
"Elbert, Georgia",115.719580406524,1
"El, California",206.490437319532,115
"El, Colorado",256.813538809943,10
"Elder, Utah",400,1
"El Dorado, California",206.490437319532,115
"Elkhart, Indiana",257.981990274945,16
"Elko, Nevada",63.6910007176044,1
"Ellis, Kansas",294.044097674123,3
"Ellis, Texas",253.388761290154,30
"Elmore, Alabama",204.537556125855,5
"El Paso, Colorado",256.813538809943,10
"El Paso, Texas",286.031169770072,46
"El, Texas",286.031169770072,46
"Emanuel, Georgia",257.296868068235,2
"Emery, Utah",275,1
"Emmet, Iowa",140,1
"Emmet, Michigan",322.138238337759,6
"Erath, Texas",124.696233929584,1
"Eric, Florida",225,1
"Erie, New York",302.653529836605,171
"Erie, Ohio",273.158471159986,5
"Erie, Pennsylvania",228.996731153348,39
"Essex, Massachusetts",307.830790184631,81
"Essex, New Jersey",318.71785114358,125
"Essex, New York",283.77813419374,9
"Estill, Kentucky",100,1
"Etowah, Alabama",311.528722188699,12
"Evangeline, Louisiana",106.224597361513,1
"Fairfax, Virginia",361.913462519298,63
"Fairfield, Connecticut",320.916047800144,106
"Fairfield, Ohio",268.867066648784,180
"Fairfield, South Carolina",400,2
"Falls, Idaho",181.711099763633,5
"Falls, Texas",100,1
"Fannin, Texas",155.910288909377,3
"Faribault, Minnesota",200,1
"Faulkner, Arkansas",305.780909102361,2
"Fauquier, Virginia",303.374008115037,5
"Fayette, Georgia",304.520312490276,12
"Fayette, Illinois",190.232554667215,1
"Fayette, Indiana",209.885855401899,4
"Fayette, Iowa",300,1
"Fayette, Kentucky",302.688778030088,68
"Fayette, Ohio",305.139217047585,2
"Fayette, Pennsylvania",291.683421206991,12
"Fayette, West Virginia",305.939853224574,5
"Feliciana, Louisiana",400,1
"Fe, New Mexico",269.111640318166,27
"Fentress, Tennessee",191.900637165645,2
"Finney, Kansas",242.158606312187,4
"Flathead, Montana",218.680833534964,6
"Florence, South Carolina",401.300360973598,14
"Flore, Oklahoma",222.721683443668,2
"Floyd, Georgia",223.652125607891,19
"Floyd, Indiana",194.243547796137,6
"Floyd, Iowa",102.381129489367,1
"Floyd, Kentucky",271.422883894181,4
"Floyd, Virginia",400,1
"Fluvanna, Virginia",178.425057253109,1
"Fond du Lac, Wisconsin",93.3333333333333,3
"Fond, Wisconsin",256.078584953706,4
"Ford, Illinois",233.070397054549,2
"Ford, Kansas",306,5
"Forks, North Dakota",352.764625429404,9
"Forrest, Mississippi",294.708399020024,19
"Forsyth, Georgia",258.478802873036,20
"Forsyth, North Carolina",286.709232557477,59
"Fort Bend, Texas",180.546504204997,11
"Fort, Texas",180.546504204997,11
"Fort Bend, Texas",278.372313894009,409
"Fountain, Indiana",257.859765946735,5
"Francis, Arkansas",231.409704560628,4
"Francois, Missouri",291.752409728269,4
"Franklin, Arkansas",155.780909102361,1
"Franklin, Georgia",193.134362522822,1
"Franklin, Illinois",225.465744965806,3
"Franklin, Indiana",188.505508488143,4
"Franklin, Kansas",300,1
"Franklin, Kentucky",200.185465572978,3
"Franklin, Maine",171.25,4
"Franklin, Massachusetts",291.946506831145,9
"Franklin, Missouri",357.564131461508,6
"Franklin, New York",259.502651441967,5
"Franklin, North Carolina",239.090567777071,5
"Franklin, Ohio",266.632865387295,196
"Franklin, Pennsylvania",289.56381544692,9
"Franklin, Tennessee",259.366171525563,6
"Franklin, Vermont",303.115282078906,1
"Franklin, Virginia",70,1
"Franklin, Washington",161.255661586693,4
"Frederick, Maryland",317.128676968162,30
"Fredericksburg, Virginia",304.549587012732,22
"Frederick, Virginia",239.266473096743,3
"Freeborn, Minnesota",351.287178857947,2
"Fremont, Colorado",198.094685948211,6
"Fremont, Idaho",406.844399054532,1
"Fremont, Wyoming",387.5,4
"Fresno, California",199.390702686178,81
"Fulton, Arkansas",237.5,2
"Fulton, Georgia",294.976237264685,400
"Fulton, Illinois",116.140794109097,1
"Fulton, Indiana",257.384466523283,5
"Fulton, New York",268.112053791036,3
"Fulton, Ohio",364.524174061152,3
"Furnas, Nebraska",128.011602898352,2
"Gallatin, Montana",283.271250302446,4
"Gallia, Ohio",400.33014824997,3
"Galveston, Texas",241.216707990055,25
"Garfield, Colorado",216.189371896422,6
"Garfield, Oklahoma",340.334143810571,6
"Garrard, Kentucky",226.505914273487,5
"Garvin, Oklahoma",509.051784105679,1
"Gasconade, Missouri",255.234979780439,3
"Gaston, North Carolina",187.052361896764,6
"Gates, North Carolina",325,1
"Geary, Kansas",195.49193964552,3
"Geauga, Ohio",402.569608523792,3
"Genesee, Michigan",231.930097195428,59
"Genesee, New York",270,3
"Geneva, Alabama",284.674928116041,2
"Genevieve, Missouri",406.507229184808,1
"George, Mississippi",169.767186075108,1
"George's, Maryland",298.765353311881,93
"Georgetown, South Carolina",179.425166935362,3
"George, Virginia",412.5,2
"Georgia, Georgia",216.974213262232,1
"Gibson, Indiana",467.158595680407,2
"Gibson, Tennessee",112,1
"Gila, Arizona",133.392698000668,6
"Giles, Tennessee",85.2891720736198,1
"Gillespie, Texas",349.149455002836,1
"Gilmer, Georgia",300,1
"Gilmer, West Virginia",148.294219474115,1
"Gilpin, Colorado",100,1
"Girardeau, Missouri",331.293195855578,8
"Glacier, Montana",200,1
"Gladwin, Michigan",250,1
"Glenn, California",159.454354261895,2
"Gloucester, New Jersey",265.345112329562,34
"Gloucester, Virginia",201.010909713611,3
"Glynn, Georgia",322.452413152432,16
"Gogebic, Michigan",305.415522593991,3
"Gonzales, Texas",320,1
"Goodhue, Minnesota",285.554472717737,6
"Gooding, Idaho",250,1
"Gordo, Iowa",328.106213789146,5
"Gordon, Georgia",172.74294870598,3
"Goshen, Wyoming",94.8788815046341,1
"Grady, Georgia",643.781208409408,1
"Grafton, New Hampshire",318.429635341002,16
"Graham, Arizona",100,1
"Grande, Colorado",325.710671661016,1
"Grand Forks, North Dakota",352.764625429404,9
"Grand Isle, Vermont",200,1
"Grand, Michigan",283.531393516356,21
"Grand, North Dakota",352.764625429404,9
"Grand Traverse, Michigan",283.531393516356,21
"Grand, Utah",149.013499917093,1
"Grand, Vermont",200,1
"Granite, Montana",250,1
"Grant, Arkansas",158.91006173006,1
"Grant, Indiana",207.892064855935,7
"Grant, Kentucky",320.632392841858,2
"Grant, Louisiana",100,1
"Grant, New Mexico",249.656900561346,4
"Grant, Oregon",200,2
"Grant, Washington",228.928982004453,14
"Grant, West Virginia",148.294219474115,1
"Grant, Wisconsin",292.801261266715,5
"Granville, North Carolina",275.452838885354,1
"Gratiot, Michigan",220.832660349406,2
"Graves, Kentucky",213.182162294109,4
"Grays Harbor, Washington",280.436330948856,14
"Grayson, Kentucky",195.843190455811,2
"Grayson, Texas",190.880721590097,12
"Grayson, Virginia",375,1
"Grays, Washington",280.436330948856,14
"Greenbrier, West Virginia",424.941329211172,4
"Greene, Alabama",488.699712464165,1
"Greene, Arkansas",274.874909093963,3
"Greene, Georgia",233.487106631116,2
"Greene, Indiana",330.027778737357,1
"Greene, Missouri",298.904758104983,38
"Greene, New York",227.00360607289,9
"Greene, North Carolina",283.920387629615,1
"Greene, Ohio",235.754861579481,11
"Greene, Pennsylvania",460.07450072342,1
"Greene, Tennessee",300,1
"Green Lake, Wisconsin",356.927927948902,1
"Greenlee, Arizona",200,1
"Greenup, Kentucky",260.843190455811,2
"Greenville, South Carolina",310.719660853261,61
"Green, Wisconsin",356.927927948902,1
"Greenwood, South Carolina",200.16364408251,10
"Gregg, Texas",289.595024359738,22
"Grundy, Illinois",236.871640517176,9
"Grundy, Tennessee",395.867516220859,4
"Guadalupe, Texas",286.957616086814,34
"Guernsey, Ohio",152.98448575356,2
"Guilford, North Carolina",282.455189506401,73
"Gunnison, Colorado",221.25,4
"Gwinnett, Georgia",273.985182285512,103
"Hale, Alabama",231.449952077361,2
"Hale, Texas",256.92284446621,4
"Halifax, North Carolina",218.863209721339,2
"Halifax, Virginia",223.031321566386,1
"Hall, Georgia",283.975836161625,38
"Hall, Nebraska",286.85957239114,4
"Hamblen, Tennessee",343.42972402454,5
"Hamilton, Indiana",287.209302785214,22
"Hamilton, Nebraska",537.648732173077,1
"Hamilton, New York",500,1
"Hamilton, Ohio",272.240799528387,192
"Hamilton, Tennessee",264.671792992437,48
"Hampden, Massachusetts",274.044935382287,82
"Hampshire, Massachusetts",310.203839416251,41
"Hampshire, West Virginia",294,3
"Hancock, Illinois",385,2
"Hancock, Indiana",230.073789352061,2
"Hancock, Iowa",144.413836182164,2
"Hancock, Kentucky",96.5059142734866,1
"Hancock, Maine",272,5
"Hancock, Ohio",249.207685371338,10
"Hancock, West Virginia",211.30595363188,4
"Hanover, North Carolina",357.935561732921,38
"Hanover, Virginia",376.666666666667,3
"Haralson, Georgia",144.649475508155,1
"Harbor, Washington",280.436330948856,14
"Hardeman, Tennessee",533.057325460124,1
"Hardin, Kentucky",242.226179923689,13
"Hardin, Ohio",143.656323835707,2
"Hardin, Tennessee",142.1486201227,1
"Hardin, Texas",137.767517904967,3
"Harford, Maryland",293.348365268627,13
"Harlan, Kentucky",208.361237119625,5
"Harnett, North Carolina",193.78773657378,6
"Harper, Kansas",224.317212624374,2
"Harper, Oklahoma",145.443366887337,1
"Harrison, Indiana",300,1
"Harrison, Iowa",350,1
"Harrison, Kentucky",225.180466638135,1
"Harrison, Mississippi",354.510255770184,16
"Harrison, Ohio",244.111373638068,1
"Harrison, Texas",290.078661839401,21
"Harrison, West Virginia",325.367774342643,4
"Harris, Texas",275.453234260113,488
"Hartford, Connecticut",309.857440401939,7
"Hart, Georgia",723.338419938893,2
"Hartley, Texas",136.87170963761,3
"Harvey, Kansas",128.233846987315,2
"Haven, Connecticut",350,1
"Hawaii, Hawaii",204.54087415507,29
"Hawkins, Tennessee",287.5,4
"Hawk, Iowa",313.442138426031,18
"Hays, Texas",287.910700880996,314
"Haywood, North Carolina",233.726419442677,5
"Henderson, Illinois",244.684476465458,2
"Henderson, Kentucky",227.928139545484,8
"Henderson, North Carolina",283.340098470543,8
"Henderson, Tennessee",286.390941546013,3
"Henderson, Texas",147.046173388243,7
"Hendricks, Indiana",260.333333333333,6
"Hennepin, Minnesota",286.731851376485,231
"Henrico, Virginia",274.948770038588,4
"Henry, Alabama",243.973791806318,41
"Henry, Georgia",173.515310053509,17
"Henry, Illinois",255.509747040014,2
"Henry, Indiana",178.468613812112,4
"Henry, Iowa",175.190389629451,4
"Henry, Missouri",135.502409728269,1
"Henry, Ohio",400,1
"Henry, Tennessee",321.07431006135,2
"Henry, Virginia",351.010909713611,2
"Herkimer, New York",200.29607700364,4
"Hernando, Florida",182.178915264021,10
"Hertford, North Carolina",357.089316292998,3
"Hickman, Tennessee",600,1
"Hidalgo, Texas",304.006923248079,19
"Highland, Ohio",305.139217047585,2
"Highlands, Florida",313.745190735836,10
"Hill, Georgia",400,1
"Hill, Montana",363.779048540788,3
"Hillsborough, Florida",253.422963878384,211
"Hillsborough, New Hampshire",264.502313592662,61
"Hillsdale, Michigan",169.166185963862,7
"Hill, Texas",259.200334509511,4
"Hinds, Mississippi",290.159368066102,44
"Hocking, Ohio",328.21201065474,2
"Hockley, Texas",74.8177403577506,1
"Holmes, Mississippi",105,2
"Holmes, Ohio",140.099044474991,2
"Holt, Nebraska",76.806961739011,1
"Homme, South Dakota",424.488946438847,1
"Honolulu, Hawaii",280.959661322148,89
"Hood, Oregon",185.536716226604,3
"Hood River, Oregon",185.536716226604,3
"Hood, Texas",492.914643306357,2
"Hopkins, Kentucky",218.638459037022,5
"Horry, South Carolina",302.469299065588,42
"Houghton, Michigan",350,2
"Houston, Alabama",226.024258556629,12
"Houston, Georgia",206.668440924448,14
"Houston, Minnesota",480,1
"Houston, Tennessee",142.1486201227,1
"Howard, Indiana",267.517683893387,12
"Howard, Iowa",100,1
"Howard, Maryland",318.364811069049,40
"Howard, Texas",112.348116964792,2
"Howell, Missouri",194.689984656255,2
"Hudson, New Jersey",315.807153983561,62
"Humboldt, California",177.905783603066,429
"Humphreys, Mississippi",630.030956992126,3
"Hunterdon, New Jersey",291.999636259495,20
"Huntingdon, Pennsylvania",190.602293156846,2
"Hunt, Texas",118.613305268313,2
"Huron, Michigan",170.910770700479,1
"Huron, Ohio",211.541765114275,5
"Hutchinson, Texas",436.436818753545,1
"Iberia, Louisiana",220.006683135475,6
"Iberville, Louisiana",132.780746701892,1
"Imperial, California",263.500556528432,12
"Independence, Arkansas",278.830292721159,8
"Independent city, Missouri",297.606299345634,153
"Independent city, Virginia",277.214453994477,29
"Independent, Missouri",297.606299345634,153
"(independent, Virginia",229.673460110324,28
"(Independent, Virginia",304.676733728543,85
"Independent, Virginia",277.214453994477,29
"Indiana, Pennsylvania",256.4,5
"Ingham, Michigan",247.218457660166,85
"Inyo, California",236.718473650408,17
"Ionia, Michigan",212.5,2
"Iosco, Michigan",220.832660349406,2
"Iowa, Wisconsin",246.38558558978,2
"Iredell, North Carolina",263.133822096609,15
"Iron, Utah",221.703011827777,6
"Iroquois, Illinois",297.790693334019,2
"Irwin, Georgia",400,1
"Isabella, Michigan",244.469432392552,14
"Isanti, Minnesota",300,1
"Island, Illinois",284.686701830413,24
"Island, Washington",205.466324382904,9
"Isle of Wight, Virginia",206.835151618935,3
"Isle, Vermont",200,1
"Isle, Virginia",206.835151618935,3
"Itasca, Minnesota",322.574357715895,1
"Jacinto, Texas",85,1
"Jackson, Alabama",212.821639510504,3
"JacksonClay, Missouri",197.199111069914,20
"JacksonClayPlatteCass, Missouri",265.587676122159,108
"Jackson, Georgia",323.247246495608,3
"Jackson, Illinois",342.62501793237,10
"Jackson, Indiana",251.510648515987,4
"Jackson, Michigan",235.030538319497,20
"Jackson, Minnesota",400,1
"Jackson, Mississippi",181.919415799661,7
"Jackson, Missouri",251.995078159922,153
"Jackson, North Carolina",340,3
"Jackson, Ohio",274.625295342826,1
"Jackson, Oklahoma",226.70938751457,1
"Jackson, Oregon",154.895945196923,56
"Jackson, Texas",112.348116964792,2
"Jackson, West Virginia",370.538352395232,2
"James, Louisiana",300,1
"Jasper, Indiana",171.291485082816,2
"Jasper, Iowa",190.626263760457,3
"Jasper, Missouri",218.972667860253,7
"Jasper, South Carolina",100,1
"Jasper, Texas",500,1
"Jay, Indiana",275.023148947797,1
"Jefferson, Alabama",310.915532593051,91
"Jefferson, Arkansas",281.054583913047,13
"Jefferson, Colorado",222.272014398693,54
"Jefferson Davis, Louisiana",157.348202009612,3
"Jefferson, Idaho",127.138874704541,2
"Jefferson, Illinois",233.070397054549,2
"Jefferson, Indiana",283.05041700985,3
"Jefferson, Iowa",319.148301709299,4
"Jefferson, Louisiana",287.751628177883,31
"Jefferson, Mississippi",200,1
"Jefferson, Missouri",278.535201608288,22
"Jefferson, Montana",320,1
"Jefferson, New York",266.63262971346,16
"Jefferson, Ohio",303.918749237026,8
"Jefferson, Oregon",240,1
"Jefferson, Tennessee",255.86751622086,1
"Jefferson, Texas",297.798202632787,22
"Jefferson, Washington",245.035827890505,6
"Jefferson, West Virginia",403.963710663924,5
"Jefferson, Wisconsin",267.979671985588,13
"Jennings, Indiana",186.863438272163,1
"Jerome, Idaho",355.988849172716,1
"Jersey, Illinois",379.551645664836,3
"Jessamine, Kentucky",168.885349978602,2
"Jewell, Kansas",300,1
"Jim, Texas",311.174058482396,4
"Jim Wells, Texas",311.174058482396,4
"Joaquin, California",203.50984798832,405
"Jo Daviess, Illinois",174.211191163646,1
"John, Louisiana",267.417112005284,4
"Johns, Florida",305.420766477259,14
"Johnson, Indiana",226.323789352061,8
"Johnson, Iowa",236.83869133875,2
"Johnson, Kansas",272.27154038945,58
"Johnson, Kentucky",279.811570813718,4
"Johnson, Missouri",339.866054349197,6
"Johnson, Texas",300.234584752717,12
"Johnston, North Carolina",351.968559256903,3
"Johnston, Oklahoma",216.476539378873,2
"Jo, Illinois",174.211191163646,1
"Jones, Iowa",365.531068945732,3
"Jones, Mississippi",335.610941514664,3
"Jones, South Dakota",679.846428980295,1
"Jones, Texas",244.074727203101,20
"Joseph, Indiana",255.261609986004,20
"Josephine, Oregon",169.009097345446,7
"Joseph, Michigan",215.728914297694,12
"Juan, New Mexico",302.239456056235,7
"Juan, Utah",200,1
"Juan, Washington",217.873318819123,1
"Juniata, Pennsylvania",361.957976707205,3
"Kalamazoo, Michigan",238.544513146101,52
"Kalkaska, Michigan",290,2
"Kanawha, West Virginia",272.532616703086,34
"Kandiyohi, Minnesota",403.868033600751,3
"Kane, Illinois",295.557715141481,31
"Kankakee, Illinois",293.35135366728,10
"Kauai, Hawaii",308.675557274791,10
"Kaufman, Texas",268.063570300715,383
"Kay, Oklahoma",234.65696023979,2
"Kendall, Illinois",304.805805772363,35
"Kendall, Texas",349.513974287335,2
"Kennebec, Maine",238.597985247146,17
"Kenosha, Wisconsin",257.543188416036,18
"Kent, Delaware",317.767068964637,22
"Kent, Maryland",216.692589085694,2
"Kent, Michigan",247.97908602914,93
"Kenton, Kentucky",261.573761365791,14
"Kent, Rhode Island",267.020223586316,15
"Kern, California",238.731353524399,280
"Kerr, Texas",87.5511549576308,5
"Kershaw, South Carolina",504.453646673006,2
"Kewaunee, Wisconsin",428.313513538683,1
"Kingfisher, Oklahoma",300,1
"King George, Virginia",412.5,2
"Kings, California",212.537010661082,35
"Kings, New York",324.619503516863,802
"King, Virginia",412.5,2
"King, Washington",231.548515705491,547
"Kitsap, Washington",205.806999469804,34
"Kittitas, Washington",225.63349238004,8
"Klamath, Oregon",138.630360983144,6
"Kleberg, Texas",289.305766868138,24
"Klickitat, Washington",199.787906688147,4
"Knott, Kentucky",330.921214031126,2
"Knox, Illinois",246.377436760003,8
"Knox, Indiana",100,1
"Knox, Kentucky",365.285865445112,4
"Knox, Maine",242.930519798092,5
"Knox, Ohio",265.536877460526,7
"Knox, Tennessee",311.28953417344,91
"Kootenai, Idaho",218.605250824301,15
"Kosciusko, Indiana",192.337005658762,3
"Kossuth, Iowa",462.124275782926,1
"La, Arizona",245.428716563902,2
"Labette, Kansas",350,2
"Lackawanna, Pennsylvania",351.469715224304,22
"Laclede, Missouri",465,2
"La, Colorado",231.473956292817,28
"La Crosse, Wisconsin",324.406009347718,18
"Lacs, Minnesota",286.376295569184,3
"Lac, Wisconsin",256.078584953706,4
"Lafayette, Louisiana",299.171120052838,3
"Lafayette, Mississippi",356.009592835804,10
"Lafayette, Missouri",135.502409728269,1
"Lafayette, Wisconsin",120,1
"Lafourche, Louisiana",237.266236570301,7
"La, Indiana",315.719531893469,3
"Lake, California",210.920281309104,35
"Lake, Colorado",150,2
"Lake, Florida",300,1
"Lake, Illinois",307.690261515809,73
"Lake, Indiana",284.824084810818,53
"Lake, Michigan",302.081650873516,1
"Lake, Minnesota",249.514871543179,2
"Lake, Montana",200,2
"Lake of the Woods, Minnesota",129.029743086358,1
"Lake, Ohio",213.408848016267,16
"Lake, Utah",252.971568578114,165
"Lake, Wisconsin",356.927927948902,1
"Lamar, Alabama",203.624880193402,1
"Lamar, Georgia",144.649475508155,1
"Lamar, Mississippi",286.33924854684,20
"Lamar, Texas",99.7569871436675,2
"Lamoille, Vermont",295,2
"LaMoure, North Dakota",225.417829625376,1
"Lampasas, Texas",474.005674922005,3
"Lancaster, Nebraska",265.863187325256,63
"Lancaster, Pennsylvania",306.324439406542,45
"Lancaster, South Carolina",224.518713535053,9
"Lancaster, Virginia",187.610182399371,1
"Landry, Louisiana",192.552002311286,3
"Lane, Oregon",190.732190952081,143
"Langlade, Wisconsin",290.361561572748,3
"La Paz, Arizona",245.428716563902,2
"Lapeer, Michigan",234.629121152885,9
"La Plata, Colorado",231.473956292817,28
"La Porte, Indiana",315.719531893469,3
"LaPorte, Indiana",310.645742541408,2
"Laramie, Wyoming",281.981492841269,10
"Larimer, Colorado",223.739109678491,56
"Larimer Weld, Colorado",337.855335830508,2
"Larue, Kentucky",150,1
"LaRue, Kentucky",250,1
"LaSalle, Illinois",343.68479226819,8
"La Salle, Texas",385,1
"Lassen, California",109.454354261895,2
"Latah, Idaho",268.640733175755,12
"La, Texas",385,1
"Lauderdale, Alabama",318.91420356119,7
"Lauderdale, Mississippi",268.308919715344,5
"Lauderdale, Tennessee",333.57431006135,4
"Laurel, Kentucky",229.741756455016,7
"Laurens, Georgia",155.719580406524,3
"Laurens, South Carolina",172.566889247149,6
"Lavaca, Texas",410,1
"La, Wisconsin",324.406009347718,18
"Lawrence, Illinois",464.563176436389,1
"Lawrence, Indiana",380,2
"Lawrence, Kentucky",273.011828546973,5
"Lawrence, Missouri",253.877559584242,1
"Lawrence, New York",228.901227898395,9
"Lawrence, Ohio",279.458572420383,7
"Lawrence, Pennsylvania",252.864177199495,10
"Lawrence, South Dakota",222.788903276378,3
"Lea, New Mexico",265,2
"Leavenworth, Kansas",202,5
"Lebanon, Pennsylvania",339.837393012162,4
"Lee, Florida",276.102248452901,74
"Lee, Iowa",177.983471538369,2
"Leelanau, Michigan",280.207963192173,20
"Lee, Mississippi",169.767186075108,1
"Lee, North Carolina",226.408711881718,4
"Le Flore, Oklahoma",222.721683443668,2
"Lehigh, Pennsylvania",313.749902386893,76
"Le, Minnesota",359.099922147381,11
"Lenawee, Michigan",202.071604051111,11
"Lenoir, North Carolina",341.3524798181,3
"Le, Oklahoma",222.721683443668,2
"Leon, Florida",272.143112417527,81
"Leon, Texas",84.2610877235941,2
"Le Sueur, Minnesota",359.099922147381,11
"Lewis, Montana",243.487821661887,8
"Lewis, New York",170.066845114188,1
"Lewis, Washington",130.723991291474,1
"Lewis, West Virginia",593.176877896459,1
"Lexington, South Carolina",319.937686040855,81
"Liberty, Georgia",360.724213262232,4
"Liberty, Texas",124.696233929584,1
"Licking, Ohio",223.449126646946,22
"Limestone, Alabama",246.445884183429,9
"Limestone, Texas",274.371711142482,3
"Lincoln, Kentucky",160.843190455811,1
"Lincoln, Louisiana",310.597511782545,5
"Lincoln, Maine",290.998241540474,3
"Lincoln, Mississippi",155.17433547441,2
"Lincoln, Missouri",184.922575090312,3
"Lincoln, Montana",400,2
"Lincoln, Nebraska",281.666666666667,3
"Lincoln, New Mexico",223.60192918323,4
"Lincoln, North Carolina",192.575473147559,3
"Lincoln, Oklahoma",179.998491024133,3
"Lincoln, Oregon",197.015920354531,5
"Lincoln, South Dakota",273.813556503765,16
"Lincoln, Tennessee",142.1486201227,1
"Lincoln, Washington",175,2
"Linn, Iowa",273.126864619558,36
"Linn, Oregon",200.116068150041,25
"Litchfield, Connecticut",340,1
"Livingston, Illinois",113.23727425637,2
"Livingston, Louisiana",227.595634583837,6
"Livingston, Michigan",283.451383815405,11
"Livingston, New York",311.524986259397,3
"Llano, Texas",623.481169647922,1
"Logan, Illinois",300,1
"Logan, Kentucky",212.590233319068,2
"Logan, Ohio",207.585128591023,3
"Logan, West Virginia",148.294219474115,1
"London, Connecticut",307.793343228693,9
"Long, Georgia",202.509265711417,1
"Lonoke, Arkansas",302.448558444994,7
"Lorain, Ohio",316.80752303338,26
"Los Alamos, New Mexico",282.015026497637,5
"Los Angeles, California",262.361647142932,2916
"Los, California",262.361647142932,2916
"Los, New Mexico",282.015026497637,5
"Loudon, Tennessee",298.941141435152,2
"Loudoun, Virginia",291.199720702838,13
"Louisa, Virginia",323.345455237346,3
"Louis, Minnesota",276.052553058396,54
"Louis, Missouri",315.001403750793,38
"Love, Oklahoma",300,1
"Lowndes, Georgia",324.846991967377,17
"Lubbock, Texas",270.163528274654,36
"Lucas, Ohio",250.33566133302,62
"Lucie, Florida",261.730728098742,34
"Luis, California",237.303030228607,254
"Lumpkin, Georgia",165,2
"Luna, New Mexico",354.548795122476,3
"Luzerne, Pennsylvania",332.695915086207,27
"Lycoming, Pennsylvania",302.448841280492,8
"Lynchburg, Virginia",193.394633132449,10
"Lyon, Kansas",244.705055421323,4
"Lyon, Minnesota",322.555897094314,7
"Lyon, Nevada",371.530837519359,1
"Macomb, Michigan",260.683906498942,104
"Macon, Alabama",350,1
"Macon, Illinois",197.459963817459,10
"Macon, Missouri",304.65307150109,1
"Macon, North Carolina",392.52029541163,2
"Macoupin, Illinois",220.014584695281,5
"Madera, California",183.514802595742,56
"Madison, Alabama",270,2
"Madison, Arkansas",262.5,2
"Madison, Georgia",80,1
"Madison, Idaho",335.646629219989,1
"Madison, Illinois",257.856106814162,31
"Madison, Indiana",207.822885295891,15
"Madison, Iowa",273.439202635935,6
"Madison, Kentucky",254.595302696342,7
"Madison, Mississippi",279.007506581641,48
"Madison, Missouri",101.626807296202,1
"Madison, Montana",262.5,2
"Madison, Nebraska",305.935653913004,3
"Madison, New York",249.463308609064,9
"Madison, Ohio",152.569608523792,1
"Madison, Tennessee",188.349752429448,6
"Madrid, Missouri",375,1
"Magoffin, Kentucky",321.686380911622,1
"Mahoning, Ohio",266.704075785959,46
"Malheur, Oregon",234.291924039671,5
"Manatee, Florida",237.902573927799,38
"Manistee, Michigan",181.248990524109,1
"Manitowoc, Wisconsin",384.216936943649,5
"Marathon, Wisconsin",236.971532111271,10
"Marengo, Alabama",199.552382589534,2
"Maricopa, Arizona",261.180584444596,515
"Marin, California",189.782164312268,181
"Marinette, Wisconsin",118.975975982967,1
"Marion, Alabama",267.121607562078,3
"Marion, Florida",213.753509978069,25
"Marion, Illinois",227.108199991694,7
"Marion, Indiana",273.448513172373,181
"Marion, Iowa",300,1
"Marion, Ohio",265.459410337909,3
"Marion, Oregon",191.514717931439,79
"Marion, South Carolina",263.946139381497,3
"Marion, Tennessee",284.297240245399,1
"Marion, West Virginia",280.810206226081,7
"Mariposa, California",100,13
"Marquette, Michigan",360.045361596398,9
"Marshall, Alabama",267.250962994132,8
"Marshall, Indiana",146.051293098888,5
"Marshall, Iowa",303.333333333333,3
"Marshall, Kentucky",433.754928561239,3
"Marshall, Minnesota",268.811964763246,1
"Marshall, Oklahoma",181.804208609171,1
"Marshall, Tennessee",196.240140605658,1
"Marshall, West Virginia",430.925359397636,4
"Martin, Florida",256.516929673569,4
"Martin, Indiana",171.291485082816,1
"Martin, Louisiana",227.346964421207,8
"Martin, North Carolina",154.942221873012,2
"Martin, Texas",359.840372098929,10
"Mary, Louisiana",188.725762044599,5
"Mary's, Maryland",271.322463664771,10
"Mason, Michigan",175,2
"Mason, Washington",205.149327527649,5
"Massachusetts, Massachusetts",300,1
"Massac, Illinois",139.368952930917,2
"Matagorda, Texas",312.408870178875,2
"Mateo, California",221.123040743187,237
"Mathews, Virginia",107.205818513926,1
"Maui, Hawaii",266.274260952375,26
"Maury, Tennessee",237.653025768374,9
"Maverick, Texas",250,1
"Mayes, Oklahoma",252.707849966748,4
"May, New Jersey",276.206989953942,17
"Mayor:, Florida",225,1
"McClain, Oklahoma",225.437218675372,2
"McCone, Montana",63.1002859216772,1
"McCook, South Dakota",80,1
"McCracken, Kentucky",323.808007133686,7
"McCreary, Kentucky",360,1
"McCulloch, Texas",135.966890780122,2
"McCurtain, Oklahoma",357.55340044134,3
"McDonald, Missouri",300,1
"McDonough, Illinois",171.593337194078,4
"McDowell, North Carolina",210.908806480892,3
"McDowell, West Virginia",207.611907263761,1
"McHenry, Illinois",321.002515128191,18
"McIntosh, Oklahoma",145.443366887337,1
"McKean, Pennsylvania",140,1
"McLean, Illinois",307.418104548008,10
"McLennan, Texas",221.620250727311,22
"McLeod, Minnesota",360,1
"McMinn, Tennessee",325,2
"McPherson, Kansas",307.205055421323,4
"Meade, Kentucky",150.12031109209,3
"Mecklenburg, North Carolina",293.830831791203,227
"Mecklenburg, Virginia",210.471757866352,3
"Mecosta, Michigan",254.16599368274,3
"Medina, Ohio",191.956642344043,2
"Medina, Texas",276.232535541954,200
"Meeker, Minnesota",129.029743086358,1
"Menard, Illinois",159.579301953944,3
"Mendocino, California",224.052625937076,85
"Menominee, Michigan",450,1
"Menominee, Wisconsin",300,1
"Merced, California",172.813337457659,99
"Mercer, Illinois",387.105595581823,2
"Mercer, Kentucky",168.114834971668,3
"Mercer, New Jersey",312.499484538856,44
"Mercer, Ohio",191.733527577311,3
"Mercer, Pennsylvania",374.882685962316,7
"Mercer, West Virginia",167.10379974507,3
"Meriwether, Georgia",230,2
"Merrimack, New Hampshire",292.806342024189,16
"Mesa, Colorado",222.11022857817,25
"Metcalfe, Kentucky",160,1
"Miami-Dade, Florida",265.700310306952,359
"Miami, Indiana",212.481550346876,6
"Miami, Kansas",390.036630338096,2
"Miami, Ohio",181.383848736887,4
"Middlesex, Massachusetts",309.514619429002,219
"Middlesex, New Jersey",312.386017269777,96
"Midland, Michigan",382.079438046989,8
"Midland, Texas",292.88345616382,21
"Mifflin, Pennsylvania",236.609743229188,1
"Miguel, New Mexico",266.729277073486,2
"Milam, Texas",249.392467859169,1
"Millard, Utah",250,1
"Mille Lacs, Minnesota",286.376295569184,3
"Mille, Minnesota",286.376295569184,3
"Miller, Arkansas",226.989515153806,6
"Miller, Missouri",303.294126346927,3
"Milwaukee, Wisconsin",282.167362877881,162
"Mineral, West Virginia",296.094124883316,3
"Miner, South Dakota",150,1
"Minnehaha, South Dakota",290.714058596497,18
"Missaukee, Michigan",160,2
"Mississippi, Arkansas",224.28585816043,4
"Missoula, Montana",240.890632548992,25
"Mitchell, Kansas",74.5903275746242,1
"Mobile, Alabama",271.870727906288,42
"Modoc, California",335.018622670105,6
"Mohave, Arizona",322.285318978276,20
"Moines, Iowa",380,1
"Monmouth, New Jersey",341.241344062201,89
"Mono, California",378.363062785685,2
"Monongalia, West Virginia",356.813926268964,43
"Monroe, Alabama",100,1
"Monroe, Florida",279.326183531062,4
"Monroe, Georgia",300,1
"Monroe, Illinois",290.98899918828,4
"Monroe, Indiana",279.824220948925,56
"Monroe, Kentucky",160.843190455811,1
"Monroe, Michigan",227.763221439444,17
"Monroe, Mississippi",226.006191398425,3
"Monroe, New York",274.368145878759,152
"Monroe, Pennsylvania",270.032526227001,10
"Monroe, Tennessee",247.882282870305,1
"Monroe, Wisconsin",178.463963974451,3
"Monterey, California",230.639885505894,169
"Montezuma, Colorado",233.530044062832,5
"Montgomery, Alabama",293.46210878515,27
"Montgomery, Illinois",266.325576534101,1
"Montgomery, Indiana",206.217695730755,4
"Montgomery, Iowa",300,1
"Montgomery, Kansas",158.641003571202,4
"Montgomery, Kentucky",402.40938687674,4
"Montgomery, Maryland",337.293718541333,122
"Montgomery, New York",321.666666666667,6
"Montgomery, Ohio",241.936097119283,81
"Montgomery, Pennsylvania",319.779673082988,95
"Montgomery, Tennessee",284.266213964792,19
"Montgomery, Texas",275.241472403793,427
"Montgomery, Virginia",335.496979287623,26
"Montmorency, Michigan",301.248990524109,2
"Montour, Pennsylvania",228.869914409729,2
"Montrose, Colorado",129.523407962335,3
"Moody, South Dakota",120,1
"Moore, North Carolina",349.869216920451,11
"Morehouse, Louisiana",79.7927800132094,2
"Morgan, Alabama",255.636643286622,5
"Morgan, Colorado",350,1
"Morgan, Georgia",102.859790203262,4
"Morgan, Illinois",250.248666916559,7
"Morgan, Indiana",211.835793350894,5
"Morgan, West Virginia",274.147109737057,2
"Morris, New Jersey",360.553108662035,69
"Morrow, Ohio",216.140278742039,3
"Morrow, Oregon",233.063681418125,2
"Moultrie, Illinois",87.1055955818229,1
"Mower, Minnesota",318.935683262542,4
"Muhlenberg, Kentucky",116.611313080463,2
"Multnomah, Oregon",210.500941005291,361
"Murray, Georgia",289.298951016309,1
"Muscatine, Iowa",230.998226651002,5
"Muscogee, Georgia",263.55201857405,27
"Muskegon, Michigan",330.776744786168,3
"Muskingum, Ohio",179.202365647012,8
"Muskogee, Oklahoma",238.472924679826,3
"NA, Alabama",287.690313249655,97
"NA, Alaska",286.657476036202,161
"NA, Arizona",264.627993163453,54
"NA, Arkansas",270.563779988576,39
"NA, California",232.717934120325,3761
"Nacogdoches, Texas",235.173248961939,15
"NA, Colorado",216.922267361092,714
"NA, Connecticut",300.212568857552,444
"NA, Delaware",265.377583674194,3
"NA, Florida",272.363431790265,216
"NA, Georgia",288.553741460275,155
"NA, Hawaii",276.338374763772,58
"NA, Idaho",236.374847848746,8
"NA, Illinois",306.679401183305,212
"NA, Indiana",283.40882571447,50
"NA, Iowa",309.794391319122,30
"NA, Kansas",222.422950165832,3
"NA, Kentucky",285.437324567009,146
"NA, Louisiana",311.824613323729,145
"NA, Maine",257.981082221233,3
"NA, Maryland",312.660473708138,306
"NA, Massachusetts",312.210793852078,160
"NA, Michigan",249.426933775819,106
"NA, Minnesota",365.314871543179,5
"NA, Mississippi",249.617281720093,52
"NA, Missouri",283.308353448876,27
"NA, Montana",229.108893839928,41
"NA, Nevada",196.254224042178,119
"NA, New Jersey",323.666141206775,31
"NA, New Mexico",253.366386371283,16
"NA, New York",309.946776325859,247
"NA, North Carolina",273.825392880247,44
"NA, North Dakota",338.126744438063,1
"NA, Ohio",258.642825972245,64
"NA, Oklahoma",319.975407152141,2
"NA, Oregon",181.087696264216,73
"Napa, California",215.353697896827,131
"NA, Pennsylvania",307.428686479239,174
"NA, Rhode Island",301.248534900788,69
"Nash, North Carolina",286.4125526922,10
"NA, South Carolina",217.328161631611,22
"Nassau, New York",306.025650131852,171
"Natchitoches, Louisiana",328.788038016211,3
"NA, Tennessee",291.14672851497,257
"NA, Texas",245.053208062293,176
"Natrona, Wyoming",260,3
"NA, Utah",203.205261813959,3
"Navajo, Arizona",304.053405282953,4
"Navarro, Texas",193.86125497835,4
"NA, Vermont",304.823499755872,11
"NA, Virginia",294.908453377649,516
"NA, Washington",218.534469037177,62
"NA, West Virginia",310.297605873047,12
"NA, Wisconsin",298.503222208689,141
"NA, Wyoming",208.733539310195,5
"needed], Texas",314.898744643195,9
"Nelson, Kentucky",386.606004715032,6
"Nelson, North Dakota",394.481201844407,1
"Nemaha, Kansas",99.4537700994989,1
"Neshoba, Mississippi",600,1
"Nevada, California",179.006790504259,75
"Newaygo, Michigan",250,3
"Newberry, South Carolina",392.672188003804,2
"New Castle, Delaware",327.601942609721,99
"New, Connecticut",312.014008905823,10
"New, Delaware",327.601942609721,99
"New Hanover, North Carolina",357.935561732921,38
"New Haven, Connecticut",350,1
"New London, Connecticut",307.793343228693,9
"New Madrid, Missouri",375,1
", New Mexico",146.691710829394,3
"–, New Mexico",146.691710829394,3
"New, Missouri",375,1
"New, New York",335.796818358291,458
"New, North Carolina",357.935561732921,38
"Newport News, Virginia",249.828363986922,18
"Newport, Rhode Island",290.233498833623,16
"Newton, Georgia",160.316746784399,6
"Newton, Indiana",300,1
"Newton, Missouri",238.801445836962,6
"New York, New York",335.796818358291,458
"Nez, Idaho",250,1
"Nez Perce, Idaho",250,1
"Niagara, New York",250.997487633457,8
"Nicholas, Kentucky",160.843190455811,1
"Nicholas, West Virginia",240,1
"Nicollet, Minnesota",313.645376692836,11
"Noble, Indiana",209.289648920102,4
"Nobles, Minnesota",107.524785905298,1
"Nodaway, Missouri",367.671486123206,3
"None (independent city), Virginia",229.673460110324,28
"None (Independent city), Virginia",298.797826831881,19
"None, Virginia",257.617353040315,47
"Norfolk, Massachusetts",298.913335068489,93
"Norman, Minnesota",350,1
"Norte, California",151.572702690815,28
"Northampton, North Carolina",191.817612961785,3
"Northampton, Pennsylvania",298.039078000345,46
"Northumberland, Pennsylvania",308.511994093101,7
"Nowata, Oklahoma",109.082525165503,1
"Noxubee, Mississippi",152.790467467597,1
"NuecesKlebergSan PatricioAransas, Texas",272.424472947059,22
"NuecesKlebergSan, Texas",272.424472947059,22
"Nueces, Texas",254.85878544008,25
"Oakland, Michigan",273.639456015704,191
"Obispo, California",237.303030228607,254
"Oceana, Michigan",364.165320698812,2
"Ocean, New Jersey",315.990246479504,63
"Oconee, Georgia",400,1
"Oconee, South Carolina",273.961306782727,7
"Oconto, Wisconsin",236.703040624449,3
"of, California",330.358340477938,40
"of, Minnesota",129.029743086358,1
"of San Diego, California",330.358340477938,40
"of, Virginia",206.835151618935,3
"Ogemaw, Michigan",245.312247631027,2
"Ohio, Kentucky",100,1
"Ohio, West Virginia",430.925359397636,4
"Okanogan, Washington",218.717685137035,7
"Oklahoma, Oklahoma",255.43236060955,119
"Okmulgee, Oklahoma",145.257929917479,2
"Oktibbeha, Mississippi",310.547710293169,12
"Oldham, Kentucky",395.931853327716,6
"Oldham, Texas",249.392467859169,1
"Olmsted, Minnesota",284.197059455715,20
"Oneida, Idaho",200,1
"Oneida, New York",272.203472723575,22
"Oneida, Wisconsin",342.771171179561,2
"Onondaga, New York",281.578786730522,104
"Onslow, North Carolina",285.997387006443,11
"Ontario, New York",218.952142169793,11
"Orange, California",256.19814067568,1214
"Orange, Florida",266.312012165884,253
"Orange, Indiana",281.503672325428,2
"Orange, New York",289.479902426157,35
"Orange, North Carolina",312.207101453596,21
"Orange, Texas",224.878493571834,2
"Orange Ulster, New York",287.872487633457,2
"Orange, Virginia",278.930512109914,2
"Oregon, Missouri",203.253614592404,1
"Oreille, Washington",450,1
"Osage, Oklahoma",300.136777159831,91
"Oswego, New York",299.957456043294,5
"Otero, Colorado",280.570223887006,5
"Otero, New Mexico",146.691710829394,3
"Otero  – seat, New Mexico",146.691710829394,3
"Otsego, Michigan",230.832660349406,2
"Otsego, New York",336.048942875155,12
"Ottawa, Michigan",248.745077290842,26
"Ottawa, Oklahoma",323.870553592243,1
"Otter, Minnesota",248.333333333333,6
"Otter Tail, Minnesota",248.333333333333,6
"Ouachita, Arkansas",130.520606068241,3
"Ouachita, Louisiana",286.414144592941,18
"Outagamie, Wisconsin",310.639060496402,14
"Overton, Tennessee",500,1
"Owen, Indiana",200,1
"Owen, Kentucky",450.360933276271,1
"Owsley, Kentucky",124.337276182324,2
"Owyhee, Idaho",188.367485957496,4
"Oxford, Maine",274.395779697138,2
"Ozaukee, Wisconsin",226.432904335801,7
"Pacific, Washington",275.67591104241,4
"Page, Virginia",240,1
"Palm Beach, Florida",270.200871548158,130
"Palm, Florida",270.200871548158,130
"Palo Pinto, Texas",99.7569871436675,1
"Palo, Texas",99.7569871436675,1
"Pamlico, North Carolina",120,1
"Panola, Mississippi",250,1
"Panola, Texas",256.286757572952,2
"Park, Colorado",204.245114987008,5
"Parker, Texas",260.653817552709,129
"Park, Montana",238.313036103145,4
"Park, Wyoming",134.878881504634,2
"partially Anderson, South Carolina",161.781458669202,1
"partially, South Carolina",161.781458669202,1
"Pasco, Florida",208.75271697965,37
"Paso, Colorado",256.813538809943,10
"Paso, Texas",286.031169770072,46
"Pasquotank, North Carolina",245.226419442677,8
"Passaic, New Jersey",305.41185898504,65
"PatricioAransas, Texas",272.424472947059,22
"Patricio, Texas",259.707700943535,24
"Paulding, Georgia",210.405922192597,8
"Payne, Oklahoma",337.102590683709,16
"Paz, Arizona",245.428716563902,2
"Peach, Georgia",204.33554412343,15
"Pecos, Texas",200,1
"Pender, North Carolina",304.124765346736,4
"Pendleton, Kentucky",241.264785683717,1
"Pend Oreille, Washington",450,1
"Pend, Washington",450,1
"Pennington, Minnesota",215.049571810597,1
"Pennington, South Dakota",255.599646974296,17
"Pennsylvania, Pennsylvania",131.449857349549,1
"Penobscot, Maine",285.564492808216,25
"Peoria, Illinois",287.178778932208,23
"Perce, Idaho",250,1
"Perry, Arkansas",288.421363653542,4
"Perry, Illinois",185.825270574556,1
"Perry, Indiana",300,1
"Perry, Kentucky",276.053988069764,2
"Perry, Pennsylvania",337.443747618664,4
"Person, North Carolina",132.635851665606,2
"Pettis, Missouri",155.502409728269,3
"Phelps, Missouri",133.8309538818,6
"Philadelphia, Pennsylvania",305.20263992712,365
"Phillips, Arkansas",300,1
"Phillips, Montana",315.501429608386,1
"Piatt, Illinois",185.825270574556,1
"Pickaway, Ohio",213.577365647012,4
"Pickens, Georgia",263.205645563602,4
"Pickens, South Carolina",280.180044516097,15
"Pierce, Georgia",215.545926986774,2
"Pierce, Washington",206.989941518015,216
"Pierce, Wisconsin",302.38558558978,5
"Pike, Alabama",400,1
"Pike, Kentucky",326.017894742137,5
"Pike, Pennsylvania",285.913276273153,3
"Pima, Arizona",250.242812694307,134
"Pinal, Arizona",217.454019311397,47
"Pinellas, Florida",250.599462572565,73
"Pine, Minnesota",216.199463790799,5
"Pinto, Texas",99.7569871436675,1
"Pipestone, Minnesota",430.099143621193,1
"Piscataquis, Maine",117.5,2
"Pitkin, Colorado",247.256685077062,20
"Pitt, North Carolina",307.047172764742,27
"Pittsburg, Oklahoma",822.741107184486,2
"Pittsylvania, Virginia",214.411637027852,1
"Placer, California",220.05718646778,251
"Plata, Colorado",231.473956292817,28
"Platte, Missouri",268.745228118995,109
"Platte, Nebraska",249.698100521429,5
"Plumas, California",335.51954094924,4
"Plymouth, Iowa",360.2354765355,20
"Plymouth, Massachusetts",284.196850726668,79
"Pocahontas, West Virginia",444.882658422344,1
"Poinsett, Arkansas",291.54157576063,3
"Polk, Florida",193.265364493092,71
"Polk, Georgia",144.649475508155,4
"Polk, Iowa",295.619322072597,90
"Polk, Minnesota",253.171623847726,6
"Polk, Missouri",276.551023833697,2
"Polk, North Carolina",325,2
"Polk, Oregon",193.657294250582,71
"Polk, Texas",74.8177403577506,1
"Polk, Wisconsin",339.786661663118,6
"Pontotoc, Oklahoma",272.980908071022,6
"Pope, Arkansas",259.951300008818,5
"Portage, Ohio",299.935612905224,21
"Portage, Wisconsin",205.642642649634,3
"Porte, Indiana",315.719531893469,3
"Porter, Indiana",261.333009548406,4
"portion), Illinois",180.018230869101,2
"Portsmouth, Virginia",304.282482850036,10
"Pottawatomie, Kansas",234.359483421847,15
"Pottawatomie, Oklahoma",251.964040110769,101
"Pottawattamie, Iowa",177.528811196509,8
"PotterRandall, Texas",283.730418217986,28
"Potter, Texas",283.730418217986,28
"Powder, Montana",368.085001209784,1
"Powder River, Montana",368.085001209784,1
"Power, Idaho",245.651211271906,20
"Poweshiek, Iowa",200,1
"Powhatan, Virginia",209.602909256963,5
"Preble, Ohio",220,3
"Prentiss, Mississippi",132.383593037554,2
"Preston, West Virginia",222.441329211172,1
"Prince George's, Maryland",298.765353311881,93
"Prince, Maryland",298.765353311881,93
"Princess Anne (Independent city), Virginia",306.369146320006,66
"Princess, Virginia",306.369146320006,66
"Prince, Virginia",280.946365460402,34
"Prince William, Virginia",280.946365460402,34
"Providence, Rhode Island",294.881416138454,102
"Pulaski, Arkansas",293.918470384447,80
"Pulaski, Kentucky",242.047554583089,8
"Pulaski, Missouri",381.370040286244,3
"Putnam, Florida",247.328780445068,8
"Putnam, Georgia",216.974213262232,1
"Putnam, Indiana",132.361602109449,2
"Putnam, New York",315.560636986964,15
"Putnam, Ohio",289.882256195206,3
"Putnam, Tennessee",255.455811952442,10
"Putnam, West Virginia",309.553675550643,3
"Queen Anne's, Maryland",361.562068711588,2
"Queen, Maryland",361.562068711588,2
"Queens, New York",331.439973240861,546
"Rabun, Georgia",230.022159080301,5
"Racine, Wisconsin",280.194465033995,21
"Raleigh, West Virginia",186.958930447821,8
"Ralls, Missouri",108.401927782616,1
"Ramsey, Minnesota",284.535321539147,101
"Randall, Texas",286.01557621047,29
"Randolph, Alabama",305.192929189459,2
"Randolph, Indiana",171.291485082816,1
"Randolph, Missouri",108.401927782616,1
"Randolph, North Carolina",291.772557936113,26
"Randolph, West Virginia",350,2
"Rankin, Mississippi",294.220690205076,48
"Rapides, Louisiana",198.448035284711,11
"Rappahannock, Virginia",201.010909713611,1
"Ravalli, Montana",210.425500362935,4
"Rawlins, Kansas",96.9674258470115,1
"Ray, Missouri",149.052650701096,1
"Reagan, Texas",80,2
"Red Lake, Minnesota",370,1
"Red, Minnesota",370,1
"Red, Nebraska",400,1
"Red River, Texas",137.165857322543,2
"Red, Texas",137.165857322543,2
"Red Willow, Nebraska",400,1
"Redwood, Minnesota",300,1
"Refugio, Texas",250,1
"Reno, Kansas",201.766701034272,10
"Rensselaer, New York",343.829983511276,5
"Rhea, Tennessee",450,1
"Rice, Minnesota",234.106940053484,5
"Richland, North Dakota",485,1
"Richland, Ohio",261.86960394016,13
"Richland, South Carolina",336.289595870939,66
"Richmond, Georgia",243.921991664627,36
"Richmond, New York",333.089586516918,521
"Richmond, North Carolina",222.185413098407,5
"Riley, Kansas",265.49596982276,12
"Rio Arriba, New Mexico",209,1
"Rio, Colorado",325.710671661016,1
"Rio Grande Saguache, Colorado",325.710671661016,1
"Rio, New Mexico",209,1
"Ripley, Indiana",211.863438272163,4
"Ritchie, West Virginia",207.611907263761,1
"River, Florida",320,2
"River, Montana",368.085001209784,1
"River, Oregon",185.536716226604,3
"Riverside, California",238.320871409074,484
"River, Texas",137.165857322543,2
"Roane, Tennessee",223.594965209466,7
"Robertson, Tennessee",352.834564927608,5
"Robertson, Texas",138.484813357152,1
"Roberts, South Dakota",138.744169179652,1
"Robeson, North Carolina",216.18430173801,12
"Rockcastle, Kentucky",241.264785683717,1
"Rock, Illinois",284.686701830413,24
"Rockingham, New Hampshire",285.231986297667,39
"Rockingham, North Carolina",170.908806480892,3
"Rockingham, Virginia",365,2
"Rock Island, Illinois",284.686701830413,24
"Rockland, New York",306.237184388078,32
"Rockwall, Texas",272.221048769412,375
"Rock, Wisconsin",271.165798912366,13
"Rogers, Oklahoma",308.263600927212,88
"Roosevelt, Montana",157.750714804193,1
"Roosevelt, New Mexico",107.558540258575,1
"Rosa, Florida",283.066184321817,8
"Roseau, Minnesota",450.908687663458,1
"Ross, Ohio",276.506600482151,7
"Rouge, Louisiana",304.010894069752,94
"Rowan, Kentucky",246.626225365577,3
"Rowan, North Carolina",318.972906769927,13
"Rusk, Texas",308.926945046137,4
"Russell, Kentucky",244.75887141023,2
"Rutherford, North Carolina",287.006132440118,5
"Rutherford, Tennessee",270.642838637864,37
"Sabine, Louisiana",132.780746701892,1
"Sabine, Texas",350,1
"Sacramento, California",197.918548464915,991
"Sagadahoc, Maine",216.465259899046,2
"Saginaw, Michigan",204.774577047731,21
"Saguache, Colorado",296.091910180527,2
"Saint Louis, Minnesota",276.052553058396,54
"Saint Louis, Missouri",297.606299345634,153
"Saint, Minnesota",276.052553058396,54
"Salem, New Jersey",206.539208418558,3
"Saline, Arkansas",304.593788648188,4
"Saline, Kansas",317.612376411686,5
"Saline, Missouri",100,1
"Salle, Texas",385,1
"Salt Lake, Utah",252.971568578114,165
"Salt, Utah",252.971568578114,165
"Sampson, North Carolina",137.726419442677,1
"San Benito, California",132.997551340653,39
"San Bernardino, California",238.624877461656,573
"Sanborn, South Dakota",480,1
"San, California",231.932424984301,2955
"San Diego, California",238.183656113863,1407
"Sandoval, New Mexico",297.255614439192,6
"Sandusky, Ohio",156.660433556732,6
"Sangamon, Illinois",212.766993955188,28
"Sanilac, Michigan",193.33225655905,1
"San Jacinto, Texas",85,1
"San Joaquin, California",203.50984798832,405
"San Juan, New Mexico",302.239456056235,7
"San Juan, Utah",200,1
"San Juan, Washington",217.873318819123,1
"San Luis Obispo, California",237.303030228607,254
"San Mateo, California",221.123040743187,237
"San Miguel, New Mexico",266.729277073486,2
"San, New Mexico",294.34830517118,9
"San Patricio, Texas",259.707700943535,24
"Santa, Arizona",283.547691615284,3
"Santa Barbara, California",263.410224890317,253
"Santa, California",230.504081429144,1526
"Santa Clara, California",231.343957807022,688
"Santa Cruz, Arizona",283.547691615284,3
"Santa Cruz, California",215.285125457082,585
"Santa Fe, New Mexico",269.111640318166,27
"Santa, New Mexico",269.111640318166,27
"San, Texas",252.719392905794,25
"San, Utah",200,1
"San, Washington",217.873318819123,1
"Sarasota, Florida",258.158809513184,37
"Saratoga, New York",311.096474584124,27
"Sarpy, Nebraska",316.234863628363,15
"Sauk, Wisconsin",203.112512518572,3
"Sawyer, Wisconsin",378.463963974451,2
"Schenectady, New York",282.214230710541,20
"Schoharie, New York",230.679906616795,1
"Schoolcraft, Michigan",289.998384838575,2
"Schuyler, Illinois",150.983032341826,1
"Schuylkill, Pennsylvania",282.618230741234,11
"Scioto, Ohio",196.072376517658,6
"Scotland, North Carolina",147.164862514663,3
"Scott, Arkansas",240.154756289164,2
"Scott, Indiana",233.579297840204,1
"Scott, Iowa",242.942363011591,15
"Scott, Kentucky",268.168638091162,5
"Scott, Minnesota",338.85927013312,10
"Scott, Missouri",329.04857232908,8
"Scotts Bluff, Nebraska",250,1
"Scotts, Nebraska",250,1
"Scott, Tennessee",150,1
"Scott, Virginia",182.351678117288,3
"seat, New Mexico",146.691710829394,3
"Sebastian, Arkansas",316.745481881916,17
"Sedgwick, Kansas",269.200316363755,99
"Seminole, Florida",188.919263264223,13
"Seneca, New York",234.856313227642,7
"Seneca, Ohio",252.673327831234,8
"Sevier, Arkansas",545.233181858264,1
"Sevier, Tennessee",308.71889609816,3
"Sevier, Utah",212.87642845299,1
"Seward, Kansas",99.4537700994989,1
"Seward, Nebraska",161.7570623512,1
"Shannon, South Dakota",500,1
"Sharp, Arkansas",237.5,2
"Shasta, California",172.682391344788,151
"Shawano, Wisconsin",390,4
"Shawnee, Kansas",233.894931545935,25
"Sheboygan, Wisconsin",371.347972980838,10
"Shelby, Alabama",311.993112929793,94
"Shelby, Indiana",297.933555298796,4
"Shelby, Ohio",167.826569376172,1
"Shelby, Tennessee",350.103290888037,8
"Shenandoah, Virginia",366.666666666667,3
"Sherburne, Minnesota",302.680810357876,22
"Sheridan, Montana",275,1
"Sheridan, Wyoming",233.276679354817,2
"Shiawassee, Michigan",340.277553449802,3
"Sibley, Minnesota",268.811964763246,1
"Silver Bow, Montana",304.047173965643,23
"Silver, Montana",304.047173965643,23
"Simpson, Mississippi",509.301558225325,1
"Sioux, Iowa",115.531068945732,1
"Siskiyou, California",158.928383650076,56
"Skagit, Washington",220.260854890349,17
"(small, Illinois",180.018230869101,2
"Smith, Mississippi",400,1
"Smith, Texas",244.523949068302,31
"Smyth, Virginia",160.808727770889,1
"Snohomish, Washington",223.727537293368,120
"Snyder, Pennsylvania",267.619370188089,5
"Socorro, New Mexico",280.150264976366,1
"Solano, California",205.57116177772,231
"Somerset, Maine",206.258582310039,5
"Somerset, New Jersey",308.705293948538,39
"Somerset, Pennsylvania",300,2
"Sonoma, California",215.022755223136,621
"Spalding, Georgia",246.25,4
"Spartanburg, South Carolina",271.496390845484,27
"Spencer, Indiana",467.158595680407,1
"Spokane, Washington",219.885616734336,83
"Stafford, Virginia",402.021819427223,1
"St., Alabama",322.933955911172,5
"Stanislaus, California",220.002510182802,328
"Stanly, North Carolina",136.842237242676,4
"Stanton, Kansas",281.5,2
"St., Arkansas",231.409704560628,4
"Starke, Indiana",268.431719136081,2
"Stark, North Dakota",180.3342637003,1
"Stark, Ohio",273.33963598775,54
"Starr, Texas",100,1
"St. Bernard, Louisiana",170.617224320452,2
"St. Charles, Louisiana",240,1
"St. Charles, Missouri",330.216134673473,12
"St. Clair, Alabama",322.933955911172,5
"St. Clair, Illinois",300.489143610486,40
"St. Clair, Michigan",242.897695460358,20
"St. Clair, Missouri",253.877559584242,1
"St. Croix, Wisconsin",271.984669990151,15
"Stearns, Minnesota",280.161095987355,25
"Steele, North Dakota",135.250697775225,1
"Ste. Genevieve, Missouri",406.507229184808,1
"Ste., Missouri",406.507229184808,1
"Stephens, Georgia",217.918747227294,4
"Stephens, Oklahoma",330.295577924891,3
"Stephenson, Illinois",241.699037250912,6
"Stephens, Texas",210,1
"Steuben, Indiana",339.11435635352,4
"Steuben, New York",285,3
"Stevens, Washington",160.426102644489,3
"Stewart, Tennessee",156.36348213497,2
"St., Florida",280.785692413056,36
"St. Francis, Arkansas",231.409704560628,4
"St. Francois, Missouri",291.752409728269,4
"St., Illinois",300.489143610486,40
"Stillwater, Montana",78.5879088867273,1
"St., Indiana",255.261609986004,20
"St. James, Louisiana",300,1
"St. Johns, Florida",308.914671590894,13
"St. John the Baptist, Louisiana",267.417112005284,4
"St. Joseph, Indiana",255.261609986004,20
"St. Joseph, Michigan",215.728914297694,12
"St. Landry, Louisiana",192.552002311286,3
"St. Lawrence, New York",228.901227898395,9
"St., Louisiana",243.388687659867,40
"St. Louis, Missouri",315.001403750793,38
"St. Lucie, Florida",264.886704182104,23
"St. Martin, Louisiana",227.346964421207,8
"St., Maryland",271.322463664771,10
"St. Mary, Louisiana",188.725762044599,5
"St. Mary's, Maryland",271.322463664771,10
"St., Michigan",232.709402524359,32
"St., Missouri",315.51880285653,55
"St., New York",228.901227898395,9
"Stokes, North Carolina",295.5,2
"Stone, Arkansas",500,1
"Stone, Mississippi",469.650779112662,2
"Stone, Missouri",282.43128123425,3
"Story, Iowa",316.897342852896,18
"Strafford, New Hampshire",304.244011812596,27
"St. Tammany, Louisiana",262.830455069709,18
"St., Wisconsin",271.984669990151,15
"Sueur, Minnesota",359.099922147381,11
"Suffolk, Massachusetts",300.827982293779,283
"Suffolk, New York",293.864764466176,202
"Suffolk until 1793Norfolk thereafter, Massachusetts",211.976614970574,4
"Suffolk, Virginia",292.703764589487,9
"Sullivan, Indiana",100,1
"Sullivan, Missouri",304.65307150109,1
"Sullivan, New Hampshire",336.281933301952,3
"Sullivan, New York",210.266227328005,8
"Sullivan, Tennessee",342.713115569145,20
"Summit, Colorado",219.030086244319,9
"Summit, Ohio",260.27931192235,91
"Summit, Utah",236.912982848574,9
"Sumner, Tennessee",277.83899130909,13
"Sumter, Alabama",390.093917573061,3
"Sumter, Georgia",279.320439964449,6
"Sumter, South Carolina",199.281458669202,8
"Sunflower, Mississippi",169.767186075108,1
"Surry, North Carolina",232.267833481183,6
"Sussex, Delaware",299.736191026247,23
"Sussex, New Jersey",373.279751045403,21
"Sussex, Virginia",340,1
"Sutter, California",127.072593437872,22
"Swain, North Carolina",413.179258328032,1
"Sweetwater, Wyoming",400,1
"Switzerland, Indiana",408.579297840204,2
"Tail, Minnesota",248.333333333333,6
"Talbot, Georgia",100,1
"Talbot, Maryland",280.197623761109,4
"Talladega, Alabama",190.579980830944,5
"Tallapoosa, Alabama",117.783971885385,3
"Tammany, Louisiana",262.830455069709,18
"Taney, Missouri",325.429674748737,3
"Tangipahoa, Louisiana",318.190861348944,9
"Taos, New Mexico",240,2
"Tarrant, Texas",271.837292156826,256
"Tate, Mississippi",273.622289034331,1
"Taylor, Georgia",144.649475508155,1
"Taylor & Jones, Texas",244.074727203101,20
"Taylor, Kentucky",254.689839696922,5
"Taylor, Texas",244.074727203101,20
"Tazewell, Illinois",270.100723012896,8
"Tazewell;, Illinois",180.018230869101,2
"Tazewell; Peoria (small portion), Illinois",180.018230869101,2
"Tazewell, Virginia",150.713684877206,3
"Tehama, California",137.544187396548,18
"Teller, Colorado",300,1
"Terrebonne, Louisiana",225.758162522267,21
"Terrell, Georgia",80,1
"Terry, Texas",200,1
"Teton, Wyoming",275,2
"&, Texas",268.354265849519,58
"Thayer, Nebraska",256.023205796703,1
"the, Louisiana",267.417112005284,4
"the, Minnesota",129.029743086358,1
"thereafter, Massachusetts",211.976614970574,4
"Thomas, Georgia",136.162368877039,3
"Thomas, Kansas",324.180655149248,2
"Thurston, Washington",218.389744552284,49
"Tift, Georgia",431.260402803136,3
"Tillamook, Oregon",184.999260684625,7
"Tillman, Oklahoma",116.354693509869,1
"Tioga, New York",300,1
"Tioga, Pennsylvania",525.799429398195,1
"Tippecanoe, Indiana",298.909352462858,32
"Tipton, Tennessee",185,2
"Titus, Texas",303.047845296546,2
"Todd, Kentucky",500,1
"Todd, Minnesota",322.574357715895,1
"Todd, South Dakota",106.122236609712,1
"Tolland, Connecticut",116.340825414105,1
"Tompkins, New York",301.264305001826,29
"Tooele, Utah",235.273883891559,4
"Toole, Montana",400,1
"Towner, North Dakota",425.417829625376,2
"Traill, North Dakota",135.250697775225,1
"Transylvania, North Carolina",123.95377749841,1
"Traverse, Michigan",283.531393516356,21
"Travis, Texas",284.358736643147,294
"TravisWilliamsonHays, Texas",286.765294420581,285
"Trempealeau, Wisconsin",356.927927948902,1
"Trinity, California",100,1
"Tripp, South Dakota",400,1
"Troup, Georgia",198.394842652446,3
"Trumbull, Ohio",245.320822178811,45
"Tulare, California",204.106109389263,105
"Tulsa, Oklahoma",310.36077738918,109
"Tuolumne, California",190.899420414185,54
"Tuscaloosa, Alabama",274.121517102349,26
"Tuscarawas, Ohio",244.387958457913,6
"Tuscola, Michigan",337.812247631027,4
"Twin Falls, Idaho",181.711099763633,5
"Twin, Idaho",181.711099763633,5
"Uinta, Wyoming",230,1
"Ulster, New York",291.233989092309,24
"Umatilla, Oregon",230.898813480373,13
"Union, Arkansas",425,2
"Union, Indiana",124.575625514775,1
"Union, Kentucky",370.632392841858,2
"Union, Louisiana",350,1
"Union, Mississippi",75,1
"Union, New Jersey",305.381885361854,72
"Union, North Carolina",282.979813031124,10
"Union, Ohio",152.569608523792,1
"Union, Oregon",195.375787612083,3
"Union, Pennsylvania",375,1
"Union, South Carolina",351.874672605515,2
"Union, South Dakota",63.673341965827,1
"until, Massachusetts",211.976614970574,4
"Upshur, Texas",231.113305268313,2
"Upshur, West Virginia",252.100173105995,1
"Upson, Georgia",179.621605822312,2
"Utah, Utah",266.949459264519,46
"Uvalde, Texas",131.590523643368,2
"Valencia, New Mexico",250,1
"Val, Texas",300,1
"Val Verde, Texas",300,1
"Vance, North Carolina",197.050761591878,2
"Vanderburgh, Indiana",255.749807304355,25
"Van, Texas",309.94213501033,2
"Van Zandt, Texas",309.94213501033,2
"Venango, Pennsylvania",210.319771759278,1
"Ventura, California",232.418172770686,181
"Verde, Texas",300,1
"Vermilion, Illinois",226.451778546181,9
"Vermilion, Louisiana",236.803039068559,3
"Vermillion, Indiana",150,1
"Vernon, Louisiana",204.149731574342,3
"Vernon, Wisconsin",268.463963974451,4
"Vigo, Indiana",211.457920971819,13
"Vilas, Wisconsin",322.771171179561,2
"Virginia Beach, Virginia",306.369146320006,66
"Vista, Iowa",315.531068945732,4
"Volusia, Florida",252.76639538426,48
"Wabash, Indiana",296.666666666667,6
"Wagoner, Oklahoma",310.553806316708,101
"Wake, North Carolina",295.94923708105,147
"Waldo, Maine",381.187964105439,7
"Walker, Alabama",239.169589786667,1
"Walker, Georgia",200.505958005814,8
"Walker, Texas",248.578874042878,4
"Walla Walla, Washington",234.85231797315,11
"Walla, Washington",234.85231797315,11
"Waller, Texas",175.40401113096,2
"Walsh, North Dakota",202.876046662838,2
"Walton, Georgia",251.969580406524,8
"Walworth, Wisconsin",263.346591634944,14
"Wapello, Iowa",189.50249360248,3
"Ward, North Dakota",258.464833369456,5
"Ware, Georgia",215.545926986774,2
"Warren, Iowa",284.295404119514,73
"Warren, Kentucky",293.601424669422,31
"Warren, New Jersey",312.814252166103,15
"Warren, New York",311.924006937863,9
"Warren, North Carolina",140,1
"Warren, Ohio",241.901401683637,28
"Warren, Pennsylvania",250,1
"Warren, Virginia",254.685939542696,6
"Warrick, Indiana",300,1
"Wasatch, Utah",95.7943928038456,2
"Wasco, Oregon",240.773492391225,5
"Waseca, Minnesota",322.574357715895,1
"Washington, Alabama",375,2
"Washington, Arkansas",296.4289768335,42
"Washington & Fond du Lac, Wisconsin",744.314339814826,1
"Washington, Georgia",225,2
"Washington, Illinois",222.046931369699,3
"Washington, Louisiana",103.112298680757,2
"Washington, Maine",217.229992260234,1
"Washington, Maryland",264.804428472957,16
"Washington, Minnesota",288.126959522685,28
"Washington, Missouri",271.004819456539,3
"Washington, New York",220.596335506345,5
"Washington, Ohio",171.857136732455,5
"Washington, Oklahoma",167.656588684916,7
"Washington, Oregon",211.817989452316,372
"Washington, Pennsylvania",300.376372767553,13
"Washington, Rhode Island",309.586256188889,15
"Washington, Tennessee",314.765484342279,22
"Washington, Utah",259.602568110217,11
"Washington, Vermont",302.659635546998,6
"Washington, Virginia",275.84552758823,5
"Washington, Wisconsin",289.007729299444,166
"Washita, Oklahoma",192.721683443668,2
"Washoe, Nevada",169.057408736304,9
"Washtenaw, Michigan",287.731585118664,101
"Watauga, North Carolina",366.685820378505,15
"Waukesha, Wisconsin",290.124623954981,189
"Waupaca, Wisconsin",445,3
"Waushara, Wisconsin",356.927927948902,1
"Wayne, Georgia",159.11442305897,2
"Wayne, Indiana",314.649414866836,6
"Wayne, Iowa",127.084175840305,1
"Wayne, Michigan",267.657784896985,330
"Wayne, Mississippi",120,1
"Wayne, Missouri",162.602891673923,1
"Wayne, Nebraska",345.63132782555,2
"Wayne, New York",400,1
"Wayne, North Carolina",274.86813697417,9
"Wayne, Ohio",278.370109683047,8
"Wayne, Pennsylvania",274.795661266366,5
"Wayne, West Virginia",275.867949338307,18
"Weakley, Tennessee",247.882282870305,1
"Webb, Texas",272.551088816851,11
"Weber, Utah",241.206672080366,17
"Webster, Iowa",280.424855156585,5
"Webster, Kentucky",160.843190455811,1
"Webster, Louisiana",185.408199120504,3
"Weiscarger, Florida",225,1
"Weld, Colorado",189.443530851921,20
"Wells, Indiana",233.579297840204,1
"Wells, Texas",311.174058482396,4
"Westchester, New York",324.604088549045,111
"Westmoreland, Pennsylvania",269.555114249016,33
"Wetzel, West Virginia",222.441329211172,1
"Wexford, Michigan",165.312247631027,2
"Wharton, Texas",286.801338038044,2
"Whatcom, Washington",235.809865132514,60
"Wheeler, Georgia",100,1
"White, Arkansas",195.520606068241,3
"White, Georgia",318.22884611794,1
"White, Indiana",109.003672325428,1
"Whiteside, Illinois",346.359995397732,8
"White, Tennessee",170.57834414724,1
"Whitfield, Georgia",173.579370609786,1
"Whitley, Indiana",155.719531893469,1
"Whitley, Kentucky",168.885349978602,2
"Whitman, Washington",236.226870409221,11
"Wicomico, Maryland",270.463899278474,11
"Wight, Virginia",206.835151618935,3
"Wilcox, Alabama",167.633301384907,3
"Wilcox, Georgia",186.789685304893,3
"Wilkes, Georgia",350,1
"Wilkes, North Carolina",154.253589775799,5
"Wilkin, Minnesota",485,1
"Williamsburg, Virginia",191.304035937107,7
"Williams, North Dakota",259.208449629204,6
"Williamson, Tennessee",316.973051363716,28
"Williamson, Texas",282.306673752794,308
"William, Virginia",280.946365460402,34
"Will, Illinois",319.272610589247,96
"Willow, Nebraska",400,1
"Wilson, North Carolina",137.726419442677,1
"Wilson, Tennessee",309.207574148818,8
"Wilson, Texas",100,1
"Windham, Connecticut",355,4
"Windham, Vermont",300.714285714286,7
"Windsor, Vermont",405.88962556303,2
"Wing, Minnesota",265.257092163406,7
"Winnebago, Illinois",251.907359500552,53
"Winnebago, Iowa",115.531068945732,1
"Winnebago, Wisconsin",293.809610220597,19
"Winneshiek, Iowa",412.374758594309,3
"Winona, Minnesota",344.379247368252,10
"Winston, Alabama",181.299968051574,3
"Winston, Mississippi",273.622289034331,1
"Wirt, West Virginia",276.647109737057,2
"&, Wisconsin",744.314339814826,1
"Wise, Texas",262.8587935139,124
"Wise, Virginia",340.062038853711,3
"Woodbury, Iowa",352.725957054027,20
"Woodford, Illinois",336.666666666667,3
"Woodford, Kentucky",223.895460303874,3
"Wood, Ohio",224.037124546023,15
"Woods, Minnesota",129.029743086358,1
"Woods, Oklahoma",274.623517864081,3
"Wood, Texas",327.044350894377,2
"Wood, West Virginia",316.881284178517,6
"Wood, Wisconsin",322.981981987226,4
"Worcester, Maryland",265.807069136653,13
"Worcester, Massachusetts",294.748879016964,175
"Worth, Georgia",144.649475508155,1
"Wright, Minnesota",284.87413890649,7
"Wyandot, Ohio",205.96897150712,2
"Wyandotte, Kansas",266.097987170565,36
"Wythe, Virginia",142.454000228324,4
"Yadkin, North Carolina",268.863209721339,2
"Yakima, Washington",226.892141103728,34
"Yalobusha, Mississippi",169.767186075108,1
"Yamhill, Oregon",210.399049343964,10
"Yankton, South Dakota",300,1
"Yavapai, Arizona",240.845579154922,35
"Yazoo, Mississippi",322.557653542706,1
"Yell, Arkansas",186.937090922833,1
"Yellowstone, Montana",242.409122725556,59
"Yolo, California",198.348162082389,170
"York, Maine",268.055606250956,36
"York, Nebraska",200,1
"York, New York",335.796818358291,458
"York, Pennsylvania",239.267965249419,43
"York, South Carolina",282.410927915091,23
"York, Virginia",291.956121561526,6
"Young, Texas",180,1
"Yuba, California",220.236095966653,10
"Yuma, Arizona",284.877806471939,16
"Zandt, Texas",309.94213501033,2
" Alachua, Florida",303.571887018695,15
" Baker, Florida",72.1686226409262,2
" Bay, Florida",286.57068458716,23
" Bradford, Florida",350,1
" Brevard, Florida",274.335432007802,44
" Broward, Florida",279.012692068353,41
" Charlotte, Florida",233.865544664573,10
" Citrus, Florida",257.549057744704,12
" Clay, Florida",231.406108114126,16
" Collier, Florida",108.247403085994,4
" Columbia, Florida",152.385853630045,3
" Dixie, Florida",80,1
" Duval, Florida",268.218054969725,29
" Escambia, Florida",282.919243673333,39
" Flagler, Florida",279.110427442048,10
" Gadsden, Florida",378.203156082831,1
" Gulf, Florida",120,2
" Hendry, Florida",300,2
" Indian, Florida",320,2
" Indian River, Florida",320,2
" Jackson, Florida",201.281262433132,3
" Jackson, Mississippi",293.975483867526,6
" Jasper, Texas",237.348116964792,2
" Lake, Florida",219.738676176063,16
" Lee, Florida",268.227114012706,13
" Lee Mayor: Eric Weiscarger, Florida",225,1
" Liberty, Florida",100,1
" Madison, Florida",120,1
" Manatee, Florida",346.808948839882,5
" Marion, Florida",325,2
" Martin, Florida",295.124398481939,9
" Miami-Dade, Florida",267.813991236306,24
" Monroe, Florida",213.033859347139,2
" Nassau, Florida",196.509555173042,3
" Okaloosa, Florida",297.657930513047,27
" Okeechobee, Florida",285.109382992728,7
" Orange, Florida",223.214726916175,28
" Osceola, Florida",247.822816524121,30
" Palm Beach, Florida",258.527056835516,25
" Palm, Florida",258.527056835516,25
" Pinellas, Florida",264.699582595218,31
" Putnam, Florida",428.630243560542,1
" Santa, Florida",283.066184321817,8
" Santa Rosa, Florida",283.066184321817,8
" Sarasota, Florida",219.301414023117,12
" Seminole, Florida",234.835990709105,38
" St., Florida",255.537546597402,12
" St. Johns, Florida",260,1
" St. Lucie, Florida",255.131869015348,11
" Sumter, Florida",100,1
" Suwannee, Florida",180.242554583366,3
" Taylor, Florida",330,1
" Union, Illinois",264.139532800329,2
" Volusia, Florida",319.640731642967,13
" Walton, Florida",350.704919792952,7
" Washington, Florida",215.44401715128,2
